{"phase":"e2e-false","database":"sbh_dev_mp108_fresh","candidateSha":"e2d2666eaf8d6d1ec1850c7d0fff8eb8f3d4e09f","startedAt":"2026-09-07T06:21:45.855Z","ci":true,"instrumentation":"Node HTTP finish observer; no bodies or query logged"}
▲ Next.js 16.2.10
- Local:         http://127.0.0.1:3717
- Network:       http://127.0.0.1:3717
✓ Ready in 104ms
[14:22:56] WARN: No email adapter provided. Email will be written to console. More info at https://payloadcms.com/docs/email/overview.
[MP108_ACCESS] {"at":"2026-09-07T06:22:56.592Z","method":"GET","path":"/api/health","status":200,"requestId":null}
[MP108_ACCESS] {"at":"2026-09-07T06:22:57.114Z","method":"GET","path":"/api/health","status":200,"requestId":null}
[MP108_ACCESS] {"at":"2026-09-07T06:22:57.120Z","method":"GET","path":"/api/health","status":200,"requestId":null}
[14:23:00] ERROR: Error running task 1. Attempt 1
    job: {
      "id": 1,
      "input": {
        "eventId": "city-partner-application-created:2"
      },
      "completedAt": null,
      "totalTried": 0,
      "hasError": false,
      "error": null,
      "log": [],
      "taskSlug": "notify-city-partner-application-created",
      "queue": "city-partner-application-notifications",
      "waitUntil": "2026-09-07T06:23:05.165Z",
      "processing": true,
      "meta": null,
      "updatedAt": "2026-09-07T06:23:00.142Z",
      "createdAt": "2026-09-07T06:11:23.736Z",
      "taskStatus": {}
    }
    taskSlug: "notify-city-partner-application-created"
    err: {
      "type": "U",
      "message": "city_partner_notification_delivery_failed",
      "stack":
          Error: city_partner_notification_delivery_failed
              at Object.notify-city-partner-application-created (payload-office-platform/.next/server/chunks/node_modules__pnpm_0_6pd12._.js:129:4771)
              at process.processTicksAndRejections (node:internal/process/task_queues:103:5)
              at async handler (payload-office-platform/.next/server/chunks/node_modules__pnpm_0_6pd12._.js:129:9780)
              at async Z (payload-office-platform/.next/server/chunks/node_modules__pnpm_0_6pd12._.js:129:5663)
              at async p (payload-office-platform/.next/server/chunks/node_modules__pnpm_0_6pd12._.js:129:10716)
              at async Promise.all (index 0)
              at async ee (payload-office-platform/.next/server/chunks/node_modules__pnpm_0_6pd12._.js:129:11427)
              at async Object.run (payload-office-platform/.next/server/chunks/node_modules__pnpm_11o3zr1._.js:8:5757)
              at async T.Cron.catch.logger.error.err [as fn] (payload-office-platform/.next/server/chunks/node_modules__pnpm_11o3zr1._.js:8:8113)
              at async y._trigger (payload-office-platform/.next/server/chunks/node_modules__pnpm_0_6pd12._.js:128:79201)
      "args": {
        "type": "Object",
        "message": "city_partner_notification_delivery_failed",
        "stack":

        "executedAt": "2026-09-07T06:23:00.147Z",
        "input": {
          "eventId": "city-partner-application-created:2"
        },
        "job": {
          "id": 1,
          "input": {
            "eventId": "city-partner-application-created:2"
          },
          "completedAt": null,
          "totalTried": 0,
          "hasError": false,
          "error": null,
          "log": [],
          "taskSlug": "notify-city-partner-application-created",
          "queue": "city-partner-application-notifications",
          "waitUntil": "2026-09-07T06:23:05.165Z",
          "processing": true,
          "meta": null,
          "updatedAt": "2026-09-07T06:23:00.142Z",
          "createdAt": "2026-09-07T06:11:23.736Z",
          "taskStatus": {}
        },
        "output": {},
        "retriesConfig": {
          "attempts": 5,
          "backoff": {
            "type": "exponential",
            "delay": 5000
          }
        },
        "taskConfig": {
          "slug": "notify-city-partner-application-created",
          "label": "城市合伙人申请通知",
          "inputSchema": [
            {
              "name": "eventId",
              "type": "text",
              "required": true
            }
          ],
          "outputSchema": [
            {
              "name": "delivered",
              "type": "number",
              "required": true
            }
          ],
          "retries": {
            "attempts": 5,
            "backoff": {
              "type": "exponential",
              "delay": 5000
            }
          }
        },
        "taskID": "1",
        "taskSlug": "notify-city-partner-application-created",
        "taskStatus": null,
        "workflowConfig": {
          "slug": "singleTask"
        }
      }
    }
[14:23:00] ERROR: Error running task 1. Attempt 1
    job: {
      "id": 5,
      "input": {
        "eventId": "city-partner-application-created:3"
      },
      "completedAt": null,
      "totalTried": 0,
      "hasError": false,
      "error": null,
      "log": [],
      "taskSlug": "notify-city-partner-application-created",
      "queue": "city-partner-application-notifications",
      "waitUntil": "2026-09-07T06:23:05.167Z",
      "processing": true,
      "meta": null,
      "updatedAt": "2026-09-07T06:23:00.142Z",
      "createdAt": "2026-09-07T06:11:23.807Z",
      "taskStatus": {}
    }
    taskSlug: "notify-city-partner-application-created"
    err: {
      "type": "U",
      "message": "city_partner_notification_delivery_failed",
      "stack":
          Error: city_partner_notification_delivery_failed
              at Object.notify-city-partner-application-created (payload-office-platform/.next/server/chunks/node_modules__pnpm_0_6pd12._.js:129:4771)
              at process.processTicksAndRejections (node:internal/process/task_queues:103:5)
              at async handler (payload-office-platform/.next/server/chunks/node_modules__pnpm_0_6pd12._.js:129:9780)
              at async Z (payload-office-platform/.next/server/chunks/node_modules__pnpm_0_6pd12._.js:129:5663)
              at async p (payload-office-platform/.next/server/chunks/node_modules__pnpm_0_6pd12._.js:129:10716)
              at async Promise.all (index 1)
              at async ee (payload-office-platform/.next/server/chunks/node_modules__pnpm_0_6pd12._.js:129:11427)
              at async Object.run (payload-office-platform/.next/server/chunks/node_modules__pnpm_11o3zr1._.js:8:5757)
              at async T.Cron.catch.logger.error.err [as fn] (payload-office-platform/.next/server/chunks/node_modules__pnpm_11o3zr1._.js:8:8113)
              at async y._trigger (payload-office-platform/.next/server/chunks/node_modules__pnpm_0_6pd12._.js:128:79201)
      "args": {
        "type": "Object",
        "message": "city_partner_notification_delivery_failed",
        "stack":

        "executedAt": "2026-09-07T06:23:00.147Z",
        "input": {
          "eventId": "city-partner-application-created:3"
        },
        "job": {
          "id": 5,
          "input": {
            "eventId": "city-partner-application-created:3"
          },
          "completedAt": null,
          "totalTried": 0,
          "hasError": false,
          "error": null,
          "log": [],
          "taskSlug": "notify-city-partner-application-created",
          "queue": "city-partner-application-notifications",
          "waitUntil": "2026-09-07T06:23:05.167Z",
          "processing": true,
          "meta": null,
          "updatedAt": "2026-09-07T06:23:00.142Z",
          "createdAt": "2026-09-07T06:11:23.807Z",
          "taskStatus": {}
        },
        "output": {},
        "retriesConfig": {
          "attempts": 5,
          "backoff": {
            "type": "exponential",
            "delay": 5000
          }
        },
        "taskConfig": {
          "slug": "notify-city-partner-application-created",
          "label": "城市合伙人申请通知",
          "inputSchema": [
            {
              "name": "eventId",
              "type": "text",
              "required": true
            }
          ],
          "outputSchema": [
            {
              "name": "delivered",
              "type": "number",
              "required": true
            }
          ],
          "retries": {
            "attempts": 5,
            "backoff": {
              "type": "exponential",
              "delay": 5000
            }
          }
        },
        "taskID": "1",
        "taskSlug": "notify-city-partner-application-created",
        "taskStatus": null,
        "workflowConfig": {
          "slug": "singleTask"
        }
      }
    }
[14:23:11] ERROR: 您无权执行此操作。
    err: {
      "type": "o",
      "message": "您无权执行此操作。",
      "stack":
          o: 您无权执行此操作。
              at N (payload-office-platform/.next/server/chunks/node_modules__pnpm_0_6pd12._.js:9:50835)
              at process.processTicksAndRejections (node:internal/process/task_queues:103:5)
              at async ey (payload-office-platform/.next/server/chunks/node_modules__pnpm_0_6pd12._.js:129:37827)
              at async e1 (payload-office-platform/.next/server/chunks/node_modules__pnpm_0_6pd12._.js:155:58481)
              at async h (payload-office-platform/.next/server/chunks/node_modules__pnpm_0lgz3ff._.js:1:18431)
              at async payload-office-platform/.next/server/chunks/node_modules__pnpm_0wwnffj._.js:1:8806
              at async rJ.do (payload-office-platform/node_modules/.pnpm/next@16.2.10_@babel+core@7.29.7_@playwright+test@1.61.1_react-dom@19.2.0_react@19.2.0/node_modules/next/dist/compiled/next-server/app-route-turbo.runtime.prod.js:5:20930)
              at async rJ.handle (payload-office-platform/node_modules/.pnpm/next@16.2.10_@babel+core@7.29.7_@playwright+test@1.61.1_react-dom@19.2.0_react@19.2.0/node_modules/next/dist/compiled/next-server/app-route-turbo.runtime.prod.js:5:25785)
              at async u (payload-office-platform/.next/server/chunks/[root-of-the-server]__0pkvhx_._.js:1:19227)
              at async rJ.handleResponse (payload-office-platform/node_modules/.pnpm/next@16.2.10_@babel+core@7.29.7_@playwright+test@1.61.1_react-dom@19.2.0_react@19.2.0/node_modules/next/dist/compiled/next-server/app-route-turbo.runtime.prod.js:1:119701)
              at async l (payload-office-platform/.next/server/chunks/[root-of-the-server]__0pkvhx_._.js:1:20268)
              at async Module.w [as handler] (payload-office-platform/.next/server/chunks/[root-of-the-server]__0pkvhx_._.js:1:21375)
              at async NextNodeServer.renderToResponseWithComponentsImpl (payload-office-platform/node_modules/.pnpm/next@16.2.10_@babel+core@7.29.7_@playwright+test@1.61.1_react-dom@19.2.0_react@19.2.0/node_modules/next/dist/server/base-server.js:1462:9)
              at async NextNodeServer.renderPageComponent (payload-office-platform/node_modules/.pnpm/next@16.2.10_@babel+core@7.29.7_@playwright+test@1.61.1_react-dom@19.2.0_react@19.2.0/node_modules/next/dist/server/base-server.js:1514:24)
              at async NextNodeServer.renderToResponseImpl (payload-office-platform/node_modules/.pnpm/next@16.2.10_@babel+core@7.29.7_@playwright+test@1.61.1_react-dom@19.2.0_react@19.2.0/node_modules/next/dist/server/base-server.js:1564:32)
              at async NextNodeServer.pipeImpl (payload-office-platform/node_modules/.pnpm/next@16.2.10_@babel+core@7.29.7_@playwright+test@1.61.1_react-dom@19.2.0_react@19.2.0/node_modules/next/dist/server/base-server.js:1044:25)
              at async NextNodeServer.handleCatchallRenderRequest (payload-office-platform/node_modules/.pnpm/next@16.2.10_@babel+core@7.29.7_@playwright+test@1.61.1_react-dom@19.2.0_react@19.2.0/node_modules/next/dist/server/next-server.js:338:17)
              at async NextNodeServer.handleRequestImpl (payload-office-platform/node_modules/.pnpm/next@16.2.10_@babel+core@7.29.7_@playwright+test@1.61.1_react-dom@19.2.0_react@19.2.0/node_modules/next/dist/server/base-server.js:935:17)
              at async invokeRender (payload-office-platform/node_modules/.pnpm/next@16.2.10_@babel+core@7.29.7_@playwright+test@1.61.1_react-dom@19.2.0_react@19.2.0/node_modules/next/dist/server/lib/router-server.js:266:21)
              at async handleRequest (payload-office-platform/node_modules/.pnpm/next@16.2.10_@babel+core@7.29.7_@playwright+test@1.61.1_react-dom@19.2.0_react@19.2.0/node_modules/next/dist/server/lib/router-server.js:465:24)
              at async requestHandlerImpl (payload-office-platform/node_modules/.pnpm/next@16.2.10_@babel+core@7.29.7_@playwright+test@1.61.1_react-dom@19.2.0_react@19.2.0/node_modules/next/dist/server/lib/router-server.js:514:13)
              at async Server.requestListener (payload-office-platform/node_modules/.pnpm/next@16.2.10_@babel+core@7.29.7_@playwright+test@1.61.1_react-dom@19.2.0_react@19.2.0/node_modules/next/dist/server/lib/start-server.js:225:13)
      "data": null,
      "isOperational": true,
      "isPublic": true,
      "status": 403,
      "name": "o"
    }
[14:23:12] ERROR: 您无权执行此操作。
    err: {
      "type": "o",
      "message": "您无权执行此操作。",
      "stack":
          o: 您无权执行此操作。
              at N (payload-office-platform/.next/server/chunks/node_modules__pnpm_0_6pd12._.js:9:50835)
              at process.processTicksAndRejections (node:internal/process/task_queues:103:5)
              at async ey (payload-office-platform/.next/server/chunks/node_modules__pnpm_0_6pd12._.js:129:37827)
              at async e1 (payload-office-platform/.next/server/chunks/node_modules__pnpm_0_6pd12._.js:155:58481)
              at async h (payload-office-platform/.next/server/chunks/node_modules__pnpm_0lgz3ff._.js:1:18431)
              at async payload-office-platform/.next/server/chunks/node_modules__pnpm_0wwnffj._.js:1:8806
              at async rJ.do (payload-office-platform/node_modules/.pnpm/next@16.2.10_@babel+core@7.29.7_@playwright+test@1.61.1_react-dom@19.2.0_react@19.2.0/node_modules/next/dist/compiled/next-server/app-route-turbo.runtime.prod.js:5:20930)
              at async rJ.handle (payload-office-platform/node_modules/.pnpm/next@16.2.10_@babel+core@7.29.7_@playwright+test@1.61.1_react-dom@19.2.0_react@19.2.0/node_modules/next/dist/compiled/next-server/app-route-turbo.runtime.prod.js:5:25785)
              at async u (payload-office-platform/.next/server/chunks/[root-of-the-server]__0pkvhx_._.js:1:19227)
              at async rJ.handleResponse (payload-office-platform/node_modules/.pnpm/next@16.2.10_@babel+core@7.29.7_@playwright+test@1.61.1_react-dom@19.2.0_react@19.2.0/node_modules/next/dist/compiled/next-server/app-route-turbo.runtime.prod.js:1:119701)
              at async l (payload-office-platform/.next/server/chunks/[root-of-the-server]__0pkvhx_._.js:1:20268)
              at async Module.w [as handler] (payload-office-platform/.next/server/chunks/[root-of-the-server]__0pkvhx_._.js:1:21375)
              at async NextNodeServer.renderToResponseWithComponentsImpl (payload-office-platform/node_modules/.pnpm/next@16.2.10_@babel+core@7.29.7_@playwright+test@1.61.1_react-dom@19.2.0_react@19.2.0/node_modules/next/dist/server/base-server.js:1462:9)
              at async NextNodeServer.renderPageComponent (payload-office-platform/node_modules/.pnpm/next@16.2.10_@babel+core@7.29.7_@playwright+test@1.61.1_react-dom@19.2.0_react@19.2.0/node_modules/next/dist/server/base-server.js:1514:24)
              at async NextNodeServer.renderToResponseImpl (payload-office-platform/node_modules/.pnpm/next@16.2.10_@babel+core@7.29.7_@playwright+test@1.61.1_react-dom@19.2.0_react@19.2.0/node_modules/next/dist/server/base-server.js:1564:32)
              at async NextNodeServer.pipeImpl (payload-office-platform/node_modules/.pnpm/next@16.2.10_@babel+core@7.29.7_@playwright+test@1.61.1_react-dom@19.2.0_react@19.2.0/node_modules/next/dist/server/base-server.js:1044:25)
              at async NextNodeServer.handleCatchallRenderRequest (payload-office-platform/node_modules/.pnpm/next@16.2.10_@babel+core@7.29.7_@playwright+test@1.61.1_react-dom@19.2.0_react@19.2.0/node_modules/next/dist/server/next-server.js:338:17)
              at async NextNodeServer.handleRequestImpl (payload-office-platform/node_modules/.pnpm/next@16.2.10_@babel+core@7.29.7_@playwright+test@1.61.1_react-dom@19.2.0_react@19.2.0/node_modules/next/dist/server/base-server.js:935:17)
              at async invokeRender (payload-office-platform/node_modules/.pnpm/next@16.2.10_@babel+core@7.29.7_@playwright+test@1.61.1_react-dom@19.2.0_react@19.2.0/node_modules/next/dist/server/lib/router-server.js:266:21)
              at async handleRequest (payload-office-platform/node_modules/.pnpm/next@16.2.10_@babel+core@7.29.7_@playwright+test@1.61.1_react-dom@19.2.0_react@19.2.0/node_modules/next/dist/server/lib/router-server.js:465:24)
              at async requestHandlerImpl (payload-office-platform/node_modules/.pnpm/next@16.2.10_@babel+core@7.29.7_@playwright+test@1.61.1_react-dom@19.2.0_react@19.2.0/node_modules/next/dist/server/lib/router-server.js:514:13)
              at async Server.requestListener (payload-office-platform/node_modules/.pnpm/next@16.2.10_@babel+core@7.29.7_@playwright+test@1.61.1_react-dom@19.2.0_react@19.2.0/node_modules/next/dist/server/lib/start-server.js:225:13)
      "data": null,
      "isOperational": true,
      "isPublic": true,
      "status": 403,
      "name": "o"
    }
[14:23:12] ERROR: 您无权执行此操作。
    err: {
      "type": "o",
      "message": "您无权执行此操作。",
      "stack":
          o: 您无权执行此操作。
              at N (payload-office-platform/.next/server/chunks/node_modules__pnpm_0_6pd12._.js:9:50835)
              at process.processTicksAndRejections (node:internal/process/task_queues:103:5)
              at async ey (payload-office-platform/.next/server/chunks/node_modules__pnpm_0_6pd12._.js:129:37827)
              at async e1 (payload-office-platform/.next/server/chunks/node_modules__pnpm_0_6pd12._.js:155:58481)
              at async h (payload-office-platform/.next/server/chunks/node_modules__pnpm_0lgz3ff._.js:1:18431)
              at async payload-office-platform/.next/server/chunks/node_modules__pnpm_0wwnffj._.js:1:8806
              at async rJ.do (payload-office-platform/node_modules/.pnpm/next@16.2.10_@babel+core@7.29.7_@playwright+test@1.61.1_react-dom@19.2.0_react@19.2.0/node_modules/next/dist/compiled/next-server/app-route-turbo.runtime.prod.js:5:20930)
              at async rJ.handle (payload-office-platform/node_modules/.pnpm/next@16.2.10_@babel+core@7.29.7_@playwright+test@1.61.1_react-dom@19.2.0_react@19.2.0/node_modules/next/dist/compiled/next-server/app-route-turbo.runtime.prod.js:5:25785)
              at async u (payload-office-platform/.next/server/chunks/[root-of-the-server]__0pkvhx_._.js:1:19227)
              at async rJ.handleResponse (payload-office-platform/node_modules/.pnpm/next@16.2.10_@babel+core@7.29.7_@playwright+test@1.61.1_react-dom@19.2.0_react@19.2.0/node_modules/next/dist/compiled/next-server/app-route-turbo.runtime.prod.js:1:119701)
              at async l (payload-office-platform/.next/server/chunks/[root-of-the-server]__0pkvhx_._.js:1:20268)
              at async Module.w [as handler] (payload-office-platform/.next/server/chunks/[root-of-the-server]__0pkvhx_._.js:1:21375)
              at async NextNodeServer.renderToResponseWithComponentsImpl (payload-office-platform/node_modules/.pnpm/next@16.2.10_@babel+core@7.29.7_@playwright+test@1.61.1_react-dom@19.2.0_react@19.2.0/node_modules/next/dist/server/base-server.js:1462:9)
              at async NextNodeServer.renderPageComponent (payload-office-platform/node_modules/.pnpm/next@16.2.10_@babel+core@7.29.7_@playwright+test@1.61.1_react-dom@19.2.0_react@19.2.0/node_modules/next/dist/server/base-server.js:1514:24)
              at async NextNodeServer.renderToResponseImpl (payload-office-platform/node_modules/.pnpm/next@16.2.10_@babel+core@7.29.7_@playwright+test@1.61.1_react-dom@19.2.0_react@19.2.0/node_modules/next/dist/server/base-server.js:1564:32)
              at async NextNodeServer.pipeImpl (payload-office-platform/node_modules/.pnpm/next@16.2.10_@babel+core@7.29.7_@playwright+test@1.61.1_react-dom@19.2.0_react@19.2.0/node_modules/next/dist/server/base-server.js:1044:25)
              at async NextNodeServer.handleCatchallRenderRequest (payload-office-platform/node_modules/.pnpm/next@16.2.10_@babel+core@7.29.7_@playwright+test@1.61.1_react-dom@19.2.0_react@19.2.0/node_modules/next/dist/server/next-server.js:338:17)
              at async NextNodeServer.handleRequestImpl (payload-office-platform/node_modules/.pnpm/next@16.2.10_@babel+core@7.29.7_@playwright+test@1.61.1_react-dom@19.2.0_react@19.2.0/node_modules/next/dist/server/base-server.js:935:17)
              at async invokeRender (payload-office-platform/node_modules/.pnpm/next@16.2.10_@babel+core@7.29.7_@playwright+test@1.61.1_react-dom@19.2.0_react@19.2.0/node_modules/next/dist/server/lib/router-server.js:266:21)
              at async handleRequest (payload-office-platform/node_modules/.pnpm/next@16.2.10_@babel+core@7.29.7_@playwright+test@1.61.1_react-dom@19.2.0_react@19.2.0/node_modules/next/dist/server/lib/router-server.js:465:24)
              at async requestHandlerImpl (payload-office-platform/node_modules/.pnpm/next@16.2.10_@babel+core@7.29.7_@playwright+test@1.61.1_react-dom@19.2.0_react@19.2.0/node_modules/next/dist/server/lib/router-server.js:514:13)
              at async Server.requestListener (payload-office-platform/node_modules/.pnpm/next@16.2.10_@babel+core@7.29.7_@playwright+test@1.61.1_react-dom@19.2.0_react@19.2.0/node_modules/next/dist/server/lib/start-server.js:225:13)
      "data": null,
      "isOperational": true,
      "isPublic": true,
      "status": 403,
      "name": "o"
    }
[14:23:12] ERROR: 您无权执行此操作。
    err: {
      "type": "o",
      "message": "您无权执行此操作。",
      "stack":
          o: 您无权执行此操作。
              at N (payload-office-platform/.next/server/chunks/node_modules__pnpm_0_6pd12._.js:9:50835)
              at process.processTicksAndRejections (node:internal/process/task_queues:103:5)
              at async ey (payload-office-platform/.next/server/chunks/node_modules__pnpm_0_6pd12._.js:129:37827)
              at async e1 (payload-office-platform/.next/server/chunks/node_modules__pnpm_0_6pd12._.js:155:58481)
              at async h (payload-office-platform/.next/server/chunks/node_modules__pnpm_0lgz3ff._.js:1:18431)
              at async payload-office-platform/.next/server/chunks/node_modules__pnpm_0wwnffj._.js:1:8806
              at async rJ.do (payload-office-platform/node_modules/.pnpm/next@16.2.10_@babel+core@7.29.7_@playwright+test@1.61.1_react-dom@19.2.0_react@19.2.0/node_modules/next/dist/compiled/next-server/app-route-turbo.runtime.prod.js:5:20930)
              at async rJ.handle (payload-office-platform/node_modules/.pnpm/next@16.2.10_@babel+core@7.29.7_@playwright+test@1.61.1_react-dom@19.2.0_react@19.2.0/node_modules/next/dist/compiled/next-server/app-route-turbo.runtime.prod.js:5:25785)
              at async u (payload-office-platform/.next/server/chunks/[root-of-the-server]__0pkvhx_._.js:1:19227)
              at async rJ.handleResponse (payload-office-platform/node_modules/.pnpm/next@16.2.10_@babel+core@7.29.7_@playwright+test@1.61.1_react-dom@19.2.0_react@19.2.0/node_modules/next/dist/compiled/next-server/app-route-turbo.runtime.prod.js:1:119701)
              at async l (payload-office-platform/.next/server/chunks/[root-of-the-server]__0pkvhx_._.js:1:20268)
              at async Module.w [as handler] (payload-office-platform/.next/server/chunks/[root-of-the-server]__0pkvhx_._.js:1:21375)
              at async NextNodeServer.renderToResponseWithComponentsImpl (payload-office-platform/node_modules/.pnpm/next@16.2.10_@babel+core@7.29.7_@playwright+test@1.61.1_react-dom@19.2.0_react@19.2.0/node_modules/next/dist/server/base-server.js:1462:9)
              at async NextNodeServer.renderPageComponent (payload-office-platform/node_modules/.pnpm/next@16.2.10_@babel+core@7.29.7_@playwright+test@1.61.1_react-dom@19.2.0_react@19.2.0/node_modules/next/dist/server/base-server.js:1514:24)
              at async NextNodeServer.renderToResponseImpl (payload-office-platform/node_modules/.pnpm/next@16.2.10_@babel+core@7.29.7_@playwright+test@1.61.1_react-dom@19.2.0_react@19.2.0/node_modules/next/dist/server/base-server.js:1564:32)
              at async NextNodeServer.pipeImpl (payload-office-platform/node_modules/.pnpm/next@16.2.10_@babel+core@7.29.7_@playwright+test@1.61.1_react-dom@19.2.0_react@19.2.0/node_modules/next/dist/server/base-server.js:1044:25)
              at async NextNodeServer.handleCatchallRenderRequest (payload-office-platform/node_modules/.pnpm/next@16.2.10_@babel+core@7.29.7_@playwright+test@1.61.1_react-dom@19.2.0_react@19.2.0/node_modules/next/dist/server/next-server.js:338:17)
              at async NextNodeServer.handleRequestImpl (payload-office-platform/node_modules/.pnpm/next@16.2.10_@babel+core@7.29.7_@playwright+test@1.61.1_react-dom@19.2.0_react@19.2.0/node_modules/next/dist/server/base-server.js:935:17)
              at async invokeRender (payload-office-platform/node_modules/.pnpm/next@16.2.10_@babel+core@7.29.7_@playwright+test@1.61.1_react-dom@19.2.0_react@19.2.0/node_modules/next/dist/server/lib/router-server.js:266:21)
              at async handleRequest (payload-office-platform/node_modules/.pnpm/next@16.2.10_@babel+core@7.29.7_@playwright+test@1.61.1_react-dom@19.2.0_react@19.2.0/node_modules/next/dist/server/lib/router-server.js:465:24)
              at async requestHandlerImpl (payload-office-platform/node_modules/.pnpm/next@16.2.10_@babel+core@7.29.7_@playwright+test@1.61.1_react-dom@19.2.0_react@19.2.0/node_modules/next/dist/server/lib/router-server.js:514:13)
              at async Server.requestListener (payload-office-platform/node_modules/.pnpm/next@16.2.10_@babel+core@7.29.7_@playwright+test@1.61.1_react-dom@19.2.0_react@19.2.0/node_modules/next/dist/server/lib/start-server.js:225:13)
      "data": null,
      "isOperational": true,
      "isPublic": true,
      "status": 403,
      "name": "o"
    }
[14:23:30] ERROR: Error running task 1. Attempt 2
    job: {
      "id": 5,
      "input": {
        "eventId": "city-partner-application-created:3"
      },
      "completedAt": null,
      "totalTried": 1,
      "hasError": false,
      "error": null,
      "log": [
        {
          "id": "6a9e58444d12bdb24d0d9a7e",
          "executedAt": "2026-09-07T06:23:00.147Z",
          "completedAt": "2026-09-07T06:23:00.167Z",
          "taskSlug": "notify-city-partner-application-created",
          "taskID": "1",
          "input": {
            "eventId": "city-partner-application-created:3"
          },
          "output": {},
          "state": "failed",
          "error": {
            "name": "Error",
            "stack": "Error: city_partner_notification_delivery_failed\n    at Object.notify-city-partner-application-created (payload-office-platform/.next/server/chunks/node_modules__pnpm_0_6pd12._.js:129:4771)\n    at process.processTicksAndRejections (node:internal/process/task_queues:103:5)\n    at async handler (payload-office-platform/.next/server/chunks/node_modules__pnpm_0_6pd12._.js:129:9780)\n    at async Z (payload-office-platform/.next/server/chunks/node_modules__pnpm_0_6pd12._.js:129:5663)\n    at async p (payload-office-platform/.next/server/chunks/node_modules__pnpm_0_6pd12._.js:129:10716)\n    at async Promise.all (index 1)\n    at async ee (payload-office-platform/.next/server/chunks/node_modules__pnpm_0_6pd12._.js:129:11427)\n    at async Object.run (payload-office-platform/.next/server/chunks/node_modules__pnpm_11o3zr1._.js:8:5757)\n    at async T.Cron.catch.logger.error.err [as fn] (payload-office-platform/.next/server/chunks/node_modules__pnpm_11o3zr1._.js:8:8113)\n    at async y._trigger (payload-office-platform/.next/server/chunks/node_modules__pnpm_0_6pd12._.js:128:79201)",
            "message": "city_partner_notification_delivery_failed",
            "cancelled": false
          }
        }
      ],
      "taskSlug": "notify-city-partner-application-created",
      "queue": "city-partner-application-notifications",
      "processing": true,
      "meta": null,
      "updatedAt": "2026-09-07T06:23:30.112Z",
      "createdAt": "2026-09-07T06:11:23.807Z",
      "taskStatus": {
        "notify-city-partner-application-created": {
          "1": {
            "complete": false,
            "input": {
              "eventId": "city-partner-application-created:3"
            },
            "output": {},
            "taskSlug": "notify-city-partner-application-created",
            "totalTried": 1
          }
        }
      },
      "waitUntil": "2026-09-07T06:23:40.170Z"
    }
    taskSlug: "notify-city-partner-application-created"
    err: {
      "type": "U",
      "message": "city_partner_notification_delivery_failed",
      "stack":
          Error: city_partner_notification_delivery_failed
              at Object.notify-city-partner-application-created (payload-office-platform/.next/server/chunks/node_modules__pnpm_0_6pd12._.js:129:4771)
              at process.processTicksAndRejections (node:internal/process/task_queues:103:5)
              at async handler (payload-office-platform/.next/server/chunks/node_modules__pnpm_0_6pd12._.js:129:9780)
              at async Z (payload-office-platform/.next/server/chunks/node_modules__pnpm_0_6pd12._.js:129:5663)
              at async p (payload-office-platform/.next/server/chunks/node_modules__pnpm_0_6pd12._.js:129:10716)
              at async Promise.all (index 1)
              at async ee (payload-office-platform/.next/server/chunks/node_modules__pnpm_0_6pd12._.js:129:11427)
              at async Object.run (payload-office-platform/.next/server/chunks/node_modules__pnpm_11o3zr1._.js:8:5757)
              at async T.Cron.catch.logger.error.err [as fn] (payload-office-platform/.next/server/chunks/node_modules__pnpm_11o3zr1._.js:8:8113)
              at async y._trigger (payload-office-platform/.next/server/chunks/node_modules__pnpm_0_6pd12._.js:128:79201)
      "args": {
        "type": "Object",
        "message": "city_partner_notification_delivery_failed",
        "stack":

        "executedAt": "2026-09-07T06:23:30.138Z",
        "input": {
          "eventId": "city-partner-application-created:3"
        },
        "job": {
          "id": 5,
          "input": {
            "eventId": "city-partner-application-created:3"
          },
          "completedAt": null,
          "totalTried": 1,
          "hasError": false,
          "error": null,
          "log": [
            {
              "id": "6a9e58444d12bdb24d0d9a7e",
              "executedAt": "2026-09-07T06:23:00.147Z",
              "completedAt": "2026-09-07T06:23:00.167Z",
              "taskSlug": "notify-city-partner-application-created",
              "taskID": "1",
              "input": {
                "eventId": "city-partner-application-created:3"
              },
              "output": {},
              "state": "failed",
              "error": {
                "name": "Error",
                "stack":
                    Error: city_partner_notification_delivery_failed
                        at Object.notify-city-partner-application-created (payload-office-platform/.next/server/chunks/node_modules__pnpm_0_6pd12._.js:129:4771)
                        at process.processTicksAndRejections (node:internal/process/task_queues:103:5)
                        at async handler (payload-office-platform/.next/server/chunks/node_modules__pnpm_0_6pd12._.js:129:9780)
                        at async Z (payload-office-platform/.next/server/chunks/node_modules__pnpm_0_6pd12._.js:129:5663)
                        at async p (payload-office-platform/.next/server/chunks/node_modules__pnpm_0_6pd12._.js:129:10716)
                        at async Promise.all (index 1)
                        at async ee (payload-office-platform/.next/server/chunks/node_modules__pnpm_0_6pd12._.js:129:11427)
                        at async Object.run (payload-office-platform/.next/server/chunks/node_modules__pnpm_11o3zr1._.js:8:5757)
                        at async T.Cron.catch.logger.error.err [as fn] (payload-office-platform/.next/server/chunks/node_modules__pnpm_11o3zr1._.js:8:8113)
                        at async y._trigger (payload-office-platform/.next/server/chunks/node_modules__pnpm_0_6pd12._.js:128:79201)
                "message": "city_partner_notification_delivery_failed",
                "cancelled": false
              }
            }
          ],
          "taskSlug": "notify-city-partner-application-created",
          "queue": "city-partner-application-notifications",
          "processing": true,
          "meta": null,
          "updatedAt": "2026-09-07T06:23:30.112Z",
          "createdAt": "2026-09-07T06:11:23.807Z",
          "taskStatus": {
            "notify-city-partner-application-created": {
              "1": {
                "complete": false,
                "input": {
                  "eventId": "city-partner-application-created:3"
                },
                "output": {},
                "taskSlug": "notify-city-partner-application-created",
                "totalTried": 1
              }
            }
          },
          "waitUntil": "2026-09-07T06:23:40.170Z"
        },
        "output": {},
        "retriesConfig": {
          "attempts": 5,
          "backoff": {
            "type": "exponential",
            "delay": 5000
          }
        },
        "taskConfig": {
          "slug": "notify-city-partner-application-created",
          "label": "城市合伙人申请通知",
          "inputSchema": [
            {
              "name": "eventId",
              "type": "text",
              "required": true
            }
          ],
          "outputSchema": [
            {
              "name": "delivered",
              "type": "number",
              "required": true
            }
          ],
          "retries": {
            "attempts": 5,
            "backoff": {
              "type": "exponential",
              "delay": 5000
            }
          }
        },
        "taskID": "1",
        "taskSlug": "notify-city-partner-application-created",
        "taskStatus": {
          "complete": false,
          "input": {
            "eventId": "city-partner-application-created:3"
          },
          "output": {},
          "taskSlug": "notify-city-partner-application-created",
          "totalTried": 1
        },
        "workflowConfig": {
          "slug": "singleTask"
        }
      }
    }
[14:23:30] ERROR: Error running task 1. Attempt 2
    job: {
      "id": 1,
      "input": {
        "eventId": "city-partner-application-created:2"
      },
      "completedAt": null,
      "totalTried": 1,
      "hasError": false,
      "error": null,
      "log": [
        {
          "id": "6a9e58444d12bdb24d0d9a7d",
          "executedAt": "2026-09-07T06:23:00.147Z",
          "completedAt": "2026-09-07T06:23:00.165Z",
          "taskSlug": "notify-city-partner-application-created",
          "taskID": "1",
          "input": {
            "eventId": "city-partner-application-created:2"
          },
          "output": {},
          "state": "failed",
          "error": {
            "name": "Error",
            "stack": "Error: city_partner_notification_delivery_failed\n    at Object.notify-city-partner-application-created (payload-office-platform/.next/server/chunks/node_modules__pnpm_0_6pd12._.js:129:4771)\n    at process.processTicksAndRejections (node:internal/process/task_queues:103:5)\n    at async handler (payload-office-platform/.next/server/chunks/node_modules__pnpm_0_6pd12._.js:129:9780)\n    at async Z (payload-office-platform/.next/server/chunks/node_modules__pnpm_0_6pd12._.js:129:5663)\n    at async p (payload-office-platform/.next/server/chunks/node_modules__pnpm_0_6pd12._.js:129:10716)\n    at async Promise.all (index 0)\n    at async ee (payload-office-platform/.next/server/chunks/node_modules__pnpm_0_6pd12._.js:129:11427)\n    at async Object.run (payload-office-platform/.next/server/chunks/node_modules__pnpm_11o3zr1._.js:8:5757)\n    at async T.Cron.catch.logger.error.err [as fn] (payload-office-platform/.next/server/chunks/node_modules__pnpm_11o3zr1._.js:8:8113)\n    at async y._trigger (payload-office-platform/.next/server/chunks/node_modules__pnpm_0_6pd12._.js:128:79201)",
            "message": "city_partner_notification_delivery_failed",
            "cancelled": false
          }
        }
      ],
      "taskSlug": "notify-city-partner-application-created",
      "queue": "city-partner-application-notifications",
      "processing": true,
      "meta": null,
      "updatedAt": "2026-09-07T06:23:30.112Z",
      "createdAt": "2026-09-07T06:11:23.736Z",
      "taskStatus": {
        "notify-city-partner-application-created": {
          "1": {
            "complete": false,
            "input": {
              "eventId": "city-partner-application-created:2"
            },
            "output": {},
            "taskSlug": "notify-city-partner-application-created",
            "totalTried": 1
          }
        }
      },
      "waitUntil": "2026-09-07T06:23:40.178Z"
    }
    taskSlug: "notify-city-partner-application-created"
    err: {
      "type": "U",
      "message": "city_partner_notification_delivery_failed",
      "stack":
          Error: city_partner_notification_delivery_failed
              at Object.notify-city-partner-application-created (payload-office-platform/.next/server/chunks/node_modules__pnpm_0_6pd12._.js:129:4771)
              at process.processTicksAndRejections (node:internal/process/task_queues:103:5)
              at async handler (payload-office-platform/.next/server/chunks/node_modules__pnpm_0_6pd12._.js:129:9780)
              at async Z (payload-office-platform/.next/server/chunks/node_modules__pnpm_0_6pd12._.js:129:5663)
              at async p (payload-office-platform/.next/server/chunks/node_modules__pnpm_0_6pd12._.js:129:10716)
              at async Promise.all (index 0)
              at async ee (payload-office-platform/.next/server/chunks/node_modules__pnpm_0_6pd12._.js:129:11427)
              at async Object.run (payload-office-platform/.next/server/chunks/node_modules__pnpm_11o3zr1._.js:8:5757)
              at async T.Cron.catch.logger.error.err [as fn] (payload-office-platform/.next/server/chunks/node_modules__pnpm_11o3zr1._.js:8:8113)
              at async y._trigger (payload-office-platform/.next/server/chunks/node_modules__pnpm_0_6pd12._.js:128:79201)
      "args": {
        "type": "Object",
        "message": "city_partner_notification_delivery_failed",
        "stack":

        "executedAt": "2026-09-07T06:23:30.138Z",
        "input": {
          "eventId": "city-partner-application-created:2"
        },
        "job": {
          "id": 1,
          "input": {
            "eventId": "city-partner-application-created:2"
          },
          "completedAt": null,
          "totalTried": 1,
          "hasError": false,
          "error": null,
          "log": [
            {
              "id": "6a9e58444d12bdb24d0d9a7d",
              "executedAt": "2026-09-07T06:23:00.147Z",
              "completedAt": "2026-09-07T06:23:00.165Z",
              "taskSlug": "notify-city-partner-application-created",
              "taskID": "1",
              "input": {
                "eventId": "city-partner-application-created:2"
              },
              "output": {},
              "state": "failed",
              "error": {
                "name": "Error",
                "stack":
                    Error: city_partner_notification_delivery_failed
                        at Object.notify-city-partner-application-created (payload-office-platform/.next/server/chunks/node_modules__pnpm_0_6pd12._.js:129:4771)
                        at process.processTicksAndRejections (node:internal/process/task_queues:103:5)
                        at async handler (payload-office-platform/.next/server/chunks/node_modules__pnpm_0_6pd12._.js:129:9780)
                        at async Z (payload-office-platform/.next/server/chunks/node_modules__pnpm_0_6pd12._.js:129:5663)
                        at async p (payload-office-platform/.next/server/chunks/node_modules__pnpm_0_6pd12._.js:129:10716)
                        at async Promise.all (index 0)
                        at async ee (payload-office-platform/.next/server/chunks/node_modules__pnpm_0_6pd12._.js:129:11427)
                        at async Object.run (payload-office-platform/.next/server/chunks/node_modules__pnpm_11o3zr1._.js:8:5757)
                        at async T.Cron.catch.logger.error.err [as fn] (payload-office-platform/.next/server/chunks/node_modules__pnpm_11o3zr1._.js:8:8113)
                        at async y._trigger (payload-office-platform/.next/server/chunks/node_modules__pnpm_0_6pd12._.js:128:79201)
                "message": "city_partner_notification_delivery_failed",
                "cancelled": false
              }
            }
          ],
          "taskSlug": "notify-city-partner-application-created",
          "queue": "city-partner-application-notifications",
          "processing": true,
          "meta": null,
          "updatedAt": "2026-09-07T06:23:30.112Z",
          "createdAt": "2026-09-07T06:11:23.736Z",
          "taskStatus": {
            "notify-city-partner-application-created": {
              "1": {
                "complete": false,
                "input": {
                  "eventId": "city-partner-application-created:2"
                },
                "output": {},
                "taskSlug": "notify-city-partner-application-created",
                "totalTried": 1
              }
            }
          },
          "waitUntil": "2026-09-07T06:23:40.178Z"
        },
        "output": {},
        "retriesConfig": {
          "attempts": 5,
          "backoff": {
            "type": "exponential",
            "delay": 5000
          }
        },
        "taskConfig": {
          "slug": "notify-city-partner-application-created",
          "label": "城市合伙人申请通知",
          "inputSchema": [
            {
              "name": "eventId",
              "type": "text",
              "required": true
            }
          ],
          "outputSchema": [
            {
              "name": "delivered",
              "type": "number",
              "required": true
            }
          ],
          "retries": {
            "attempts": 5,
            "backoff": {
              "type": "exponential",
              "delay": 5000
            }
          }
        },
        "taskID": "1",
        "taskSlug": "notify-city-partner-application-created",
        "taskStatus": {
          "complete": false,
          "input": {
            "eventId": "city-partner-application-created:2"
          },
          "output": {},
          "taskSlug": "notify-city-partner-application-created",
          "totalTried": 1
        },
        "workflowConfig": {
          "slug": "singleTask"
        }
      }
    }
[14:23:30] ERROR: city_partner_notification_application_missing_permanent
    errorCode: "city_partner_notification_application_missing_permanent"
[14:23:30] ERROR: city_partner_notification_application_missing_permanent
    errorCode: "city_partner_notification_application_missing_permanent"
[14:23:33] ERROR: 您无权执行此操作。
    err: {
      "type": "o",
      "message": "您无权执行此操作。",
      "stack":
          o: 您无权执行此操作。
              at N (payload-office-platform/.next/server/chunks/node_modules__pnpm_0_6pd12._.js:9:50835)
              at process.processTicksAndRejections (node:internal/process/task_queues:103:5)
              at async ey (payload-office-platform/.next/server/chunks/node_modules__pnpm_0_6pd12._.js:129:37827)
              at async e1 (payload-office-platform/.next/server/chunks/node_modules__pnpm_0_6pd12._.js:155:58481)
              at async h (payload-office-platform/.next/server/chunks/node_modules__pnpm_0lgz3ff._.js:1:18431)
              at async payload-office-platform/.next/server/chunks/node_modules__pnpm_0wwnffj._.js:1:8806
              at async rJ.do (payload-office-platform/node_modules/.pnpm/next@16.2.10_@babel+core@7.29.7_@playwright+test@1.61.1_react-dom@19.2.0_react@19.2.0/node_modules/next/dist/compiled/next-server/app-route-turbo.runtime.prod.js:5:20930)
              at async rJ.handle (payload-office-platform/node_modules/.pnpm/next@16.2.10_@babel+core@7.29.7_@playwright+test@1.61.1_react-dom@19.2.0_react@19.2.0/node_modules/next/dist/compiled/next-server/app-route-turbo.runtime.prod.js:5:25785)
              at async u (payload-office-platform/.next/server/chunks/[root-of-the-server]__0pkvhx_._.js:1:19227)
              at async rJ.handleResponse (payload-office-platform/node_modules/.pnpm/next@16.2.10_@babel+core@7.29.7_@playwright+test@1.61.1_react-dom@19.2.0_react@19.2.0/node_modules/next/dist/compiled/next-server/app-route-turbo.runtime.prod.js:1:119701)
              at async l (payload-office-platform/.next/server/chunks/[root-of-the-server]__0pkvhx_._.js:1:20268)
              at async Module.w [as handler] (payload-office-platform/.next/server/chunks/[root-of-the-server]__0pkvhx_._.js:1:21375)
              at async NextNodeServer.renderToResponseWithComponentsImpl (payload-office-platform/node_modules/.pnpm/next@16.2.10_@babel+core@7.29.7_@playwright+test@1.61.1_react-dom@19.2.0_react@19.2.0/node_modules/next/dist/server/base-server.js:1462:9)
              at async NextNodeServer.renderPageComponent (payload-office-platform/node_modules/.pnpm/next@16.2.10_@babel+core@7.29.7_@playwright+test@1.61.1_react-dom@19.2.0_react@19.2.0/node_modules/next/dist/server/base-server.js:1514:24)
              at async NextNodeServer.renderToResponseImpl (payload-office-platform/node_modules/.pnpm/next@16.2.10_@babel+core@7.29.7_@playwright+test@1.61.1_react-dom@19.2.0_react@19.2.0/node_modules/next/dist/server/base-server.js:1564:32)
              at async NextNodeServer.pipeImpl (payload-office-platform/node_modules/.pnpm/next@16.2.10_@babel+core@7.29.7_@playwright+test@1.61.1_react-dom@19.2.0_react@19.2.0/node_modules/next/dist/server/base-server.js:1044:25)
              at async NextNodeServer.handleCatchallRenderRequest (payload-office-platform/node_modules/.pnpm/next@16.2.10_@babel+core@7.29.7_@playwright+test@1.61.1_react-dom@19.2.0_react@19.2.0/node_modules/next/dist/server/next-server.js:338:17)
              at async NextNodeServer.handleRequestImpl (payload-office-platform/node_modules/.pnpm/next@16.2.10_@babel+core@7.29.7_@playwright+test@1.61.1_react-dom@19.2.0_react@19.2.0/node_modules/next/dist/server/base-server.js:935:17)
              at async invokeRender (payload-office-platform/node_modules/.pnpm/next@16.2.10_@babel+core@7.29.7_@playwright+test@1.61.1_react-dom@19.2.0_react@19.2.0/node_modules/next/dist/server/lib/router-server.js:266:21)
              at async handleRequest (payload-office-platform/node_modules/.pnpm/next@16.2.10_@babel+core@7.29.7_@playwright+test@1.61.1_react-dom@19.2.0_react@19.2.0/node_modules/next/dist/server/lib/router-server.js:465:24)
              at async requestHandlerImpl (payload-office-platform/node_modules/.pnpm/next@16.2.10_@babel+core@7.29.7_@playwright+test@1.61.1_react-dom@19.2.0_react@19.2.0/node_modules/next/dist/server/lib/router-server.js:514:13)
              at async Server.requestListener (payload-office-platform/node_modules/.pnpm/next@16.2.10_@babel+core@7.29.7_@playwright+test@1.61.1_react-dom@19.2.0_react@19.2.0/node_modules/next/dist/server/lib/start-server.js:225:13)
      "data": null,
      "isOperational": true,
      "isPublic": true,
      "status": 403,
      "name": "o"
    }
[14:23:34] ERROR: 您无权执行此操作。
    err: {
      "type": "o",
      "message": "您无权执行此操作。",
      "stack":
          o: 您无权执行此操作。
              at N (payload-office-platform/.next/server/chunks/node_modules__pnpm_0_6pd12._.js:9:50835)
              at process.processTicksAndRejections (node:internal/process/task_queues:103:5)
              at async ey (payload-office-platform/.next/server/chunks/node_modules__pnpm_0_6pd12._.js:129:37827)
              at async e1 (payload-office-platform/.next/server/chunks/node_modules__pnpm_0_6pd12._.js:155:58481)
              at async h (payload-office-platform/.next/server/chunks/node_modules__pnpm_0lgz3ff._.js:1:18431)
              at async payload-office-platform/.next/server/chunks/node_modules__pnpm_0wwnffj._.js:1:8806
              at async rJ.do (payload-office-platform/node_modules/.pnpm/next@16.2.10_@babel+core@7.29.7_@playwright+test@1.61.1_react-dom@19.2.0_react@19.2.0/node_modules/next/dist/compiled/next-server/app-route-turbo.runtime.prod.js:5:20930)
              at async rJ.handle (payload-office-platform/node_modules/.pnpm/next@16.2.10_@babel+core@7.29.7_@playwright+test@1.61.1_react-dom@19.2.0_react@19.2.0/node_modules/next/dist/compiled/next-server/app-route-turbo.runtime.prod.js:5:25785)
              at async u (payload-office-platform/.next/server/chunks/[root-of-the-server]__0pkvhx_._.js:1:19227)
              at async rJ.handleResponse (payload-office-platform/node_modules/.pnpm/next@16.2.10_@babel+core@7.29.7_@playwright+test@1.61.1_react-dom@19.2.0_react@19.2.0/node_modules/next/dist/compiled/next-server/app-route-turbo.runtime.prod.js:1:119701)
              at async l (payload-office-platform/.next/server/chunks/[root-of-the-server]__0pkvhx_._.js:1:20268)
              at async Module.w [as handler] (payload-office-platform/.next/server/chunks/[root-of-the-server]__0pkvhx_._.js:1:21375)
              at async NextNodeServer.renderToResponseWithComponentsImpl (payload-office-platform/node_modules/.pnpm/next@16.2.10_@babel+core@7.29.7_@playwright+test@1.61.1_react-dom@19.2.0_react@19.2.0/node_modules/next/dist/server/base-server.js:1462:9)
              at async NextNodeServer.renderPageComponent (payload-office-platform/node_modules/.pnpm/next@16.2.10_@babel+core@7.29.7_@playwright+test@1.61.1_react-dom@19.2.0_react@19.2.0/node_modules/next/dist/server/base-server.js:1514:24)
              at async NextNodeServer.renderToResponseImpl (payload-office-platform/node_modules/.pnpm/next@16.2.10_@babel+core@7.29.7_@playwright+test@1.61.1_react-dom@19.2.0_react@19.2.0/node_modules/next/dist/server/base-server.js:1564:32)
              at async NextNodeServer.pipeImpl (payload-office-platform/node_modules/.pnpm/next@16.2.10_@babel+core@7.29.7_@playwright+test@1.61.1_react-dom@19.2.0_react@19.2.0/node_modules/next/dist/server/base-server.js:1044:25)
              at async NextNodeServer.handleCatchallRenderRequest (payload-office-platform/node_modules/.pnpm/next@16.2.10_@babel+core@7.29.7_@playwright+test@1.61.1_react-dom@19.2.0_react@19.2.0/node_modules/next/dist/server/next-server.js:338:17)
              at async NextNodeServer.handleRequestImpl (payload-office-platform/node_modules/.pnpm/next@16.2.10_@babel+core@7.29.7_@playwright+test@1.61.1_react-dom@19.2.0_react@19.2.0/node_modules/next/dist/server/base-server.js:935:17)
              at async invokeRender (payload-office-platform/node_modules/.pnpm/next@16.2.10_@babel+core@7.29.7_@playwright+test@1.61.1_react-dom@19.2.0_react@19.2.0/node_modules/next/dist/server/lib/router-server.js:266:21)
              at async handleRequest (payload-office-platform/node_modules/.pnpm/next@16.2.10_@babel+core@7.29.7_@playwright+test@1.61.1_react-dom@19.2.0_react@19.2.0/node_modules/next/dist/server/lib/router-server.js:465:24)
              at async requestHandlerImpl (payload-office-platform/node_modules/.pnpm/next@16.2.10_@babel+core@7.29.7_@playwright+test@1.61.1_react-dom@19.2.0_react@19.2.0/node_modules/next/dist/server/lib/router-server.js:514:13)
              at async Server.requestListener (payload-office-platform/node_modules/.pnpm/next@16.2.10_@babel+core@7.29.7_@playwright+test@1.61.1_react-dom@19.2.0_react@19.2.0/node_modules/next/dist/server/lib/start-server.js:225:13)
      "data": null,
      "isOperational": true,
      "isPublic": true,
      "status": 403,
      "name": "o"
    }
[14:23:34] ERROR: 您无权执行此操作。
    err: {
      "type": "o",
      "message": "您无权执行此操作。",
      "stack":
          o: 您无权执行此操作。
              at N (payload-office-platform/.next/server/chunks/node_modules__pnpm_0_6pd12._.js:9:50835)
              at process.processTicksAndRejections (node:internal/process/task_queues:103:5)
              at async ey (payload-office-platform/.next/server/chunks/node_modules__pnpm_0_6pd12._.js:129:37827)
              at async e1 (payload-office-platform/.next/server/chunks/node_modules__pnpm_0_6pd12._.js:155:58481)
              at async h (payload-office-platform/.next/server/chunks/node_modules__pnpm_0lgz3ff._.js:1:18431)
              at async payload-office-platform/.next/server/chunks/node_modules__pnpm_0wwnffj._.js:1:8806
              at async rJ.do (payload-office-platform/node_modules/.pnpm/next@16.2.10_@babel+core@7.29.7_@playwright+test@1.61.1_react-dom@19.2.0_react@19.2.0/node_modules/next/dist/compiled/next-server/app-route-turbo.runtime.prod.js:5:20930)
              at async rJ.handle (payload-office-platform/node_modules/.pnpm/next@16.2.10_@babel+core@7.29.7_@playwright+test@1.61.1_react-dom@19.2.0_react@19.2.0/node_modules/next/dist/compiled/next-server/app-route-turbo.runtime.prod.js:5:25785)
              at async u (payload-office-platform/.next/server/chunks/[root-of-the-server]__0pkvhx_._.js:1:19227)
              at async rJ.handleResponse (payload-office-platform/node_modules/.pnpm/next@16.2.10_@babel+core@7.29.7_@playwright+test@1.61.1_react-dom@19.2.0_react@19.2.0/node_modules/next/dist/compiled/next-server/app-route-turbo.runtime.prod.js:1:119701)
              at async l (payload-office-platform/.next/server/chunks/[root-of-the-server]__0pkvhx_._.js:1:20268)
              at async Module.w [as handler] (payload-office-platform/.next/server/chunks/[root-of-the-server]__0pkvhx_._.js:1:21375)
              at async NextNodeServer.renderToResponseWithComponentsImpl (payload-office-platform/node_modules/.pnpm/next@16.2.10_@babel+core@7.29.7_@playwright+test@1.61.1_react-dom@19.2.0_react@19.2.0/node_modules/next/dist/server/base-server.js:1462:9)
              at async NextNodeServer.renderPageComponent (payload-office-platform/node_modules/.pnpm/next@16.2.10_@babel+core@7.29.7_@playwright+test@1.61.1_react-dom@19.2.0_react@19.2.0/node_modules/next/dist/server/base-server.js:1514:24)
              at async NextNodeServer.renderToResponseImpl (payload-office-platform/node_modules/.pnpm/next@16.2.10_@babel+core@7.29.7_@playwright+test@1.61.1_react-dom@19.2.0_react@19.2.0/node_modules/next/dist/server/base-server.js:1564:32)
              at async NextNodeServer.pipeImpl (payload-office-platform/node_modules/.pnpm/next@16.2.10_@babel+core@7.29.7_@playwright+test@1.61.1_react-dom@19.2.0_react@19.2.0/node_modules/next/dist/server/base-server.js:1044:25)
              at async NextNodeServer.handleCatchallRenderRequest (payload-office-platform/node_modules/.pnpm/next@16.2.10_@babel+core@7.29.7_@playwright+test@1.61.1_react-dom@19.2.0_react@19.2.0/node_modules/next/dist/server/next-server.js:338:17)
              at async NextNodeServer.handleRequestImpl (payload-office-platform/node_modules/.pnpm/next@16.2.10_@babel+core@7.29.7_@playwright+test@1.61.1_react-dom@19.2.0_react@19.2.0/node_modules/next/dist/server/base-server.js:935:17)
              at async invokeRender (payload-office-platform/node_modules/.pnpm/next@16.2.10_@babel+core@7.29.7_@playwright+test@1.61.1_react-dom@19.2.0_react@19.2.0/node_modules/next/dist/server/lib/router-server.js:266:21)
              at async handleRequest (payload-office-platform/node_modules/.pnpm/next@16.2.10_@babel+core@7.29.7_@playwright+test@1.61.1_react-dom@19.2.0_react@19.2.0/node_modules/next/dist/server/lib/router-server.js:465:24)
              at async requestHandlerImpl (payload-office-platform/node_modules/.pnpm/next@16.2.10_@babel+core@7.29.7_@playwright+test@1.61.1_react-dom@19.2.0_react@19.2.0/node_modules/next/dist/server/lib/router-server.js:514:13)
              at async Server.requestListener (payload-office-platform/node_modules/.pnpm/next@16.2.10_@babel+core@7.29.7_@playwright+test@1.61.1_react-dom@19.2.0_react@19.2.0/node_modules/next/dist/server/lib/start-server.js:225:13)
      "data": null,
      "isOperational": true,
      "isPublic": true,
      "status": 403,
      "name": "o"
    }
[traffic] Umami 未配置，缺失的键： UMAMI_URL, UMAMI_USERNAME, UMAMI_PASSWORD, UMAMI_WEBSITE_ID
[14:27:40] INFO: inquiry_success
    requestId: "66d49b88-142c-441c-870e-5b7d2031bb4a"
    pageType: "listing"
    path: "/listings/jingan-serviced-office-42-seats"
    targetType: "listing"
    targetSlug: "jingan-serviced-office-42-seats"
    phoneMasked: "138****1111"
    consentPolicyVersion: "MVP-R2"
    idempotent: false
    fieldCompleteness: "with_message"
    campaignKeys: []
    errorCode: null
    durationMs: 97
    hasPriceSnapshot: true
    section: "hero"
    targetResolution: "listing"
[14:27:41] INFO: inquiry_success
    requestId: "e2e-idempotent-1788762461640-81fesm"
    pageType: "home"
    path: "/"
    targetType: "none"
    targetSlug: null
    phoneMasked: "138****2222"
    consentPolicyVersion: "MVP-R2"
    idempotent: false
    fieldCompleteness: "required_only"
    campaignKeys: []
    errorCode: null
    durationMs: 18
    hasPriceSnapshot: false
    section: null
    targetResolution: "general"
[14:27:41] INFO: inquiry_idempotent_hit
    requestId: "e2e-idempotent-1788762461640-81fesm"
    pageType: "home"
    path: "/"
    targetType: "none"
    targetSlug: null
    phoneMasked: "138****2222"
    consentPolicyVersion: "MVP-R2"
    idempotent: true
    fieldCompleteness: "required_only"
    campaignKeys: []
    errorCode: null
    durationMs: 7
    hasPriceSnapshot: false
    section: null
    targetResolution: "general"
[14:27:41] ERROR: 您无权执行此操作。
    err: {
      "type": "o",
      "message": "您无权执行此操作。",
      "stack":
          o: 您无权执行此操作。
              at N (payload-office-platform/.next/server/chunks/node_modules__pnpm_0_6pd12._.js:9:50835)
              at process.processTicksAndRejections (node:internal/process/task_queues:103:5)
              at async os (payload-office-platform/.next/server/chunks/node_modules__pnpm_0_6pd12._.js:128:46172)
              at async eR (payload-office-platform/.next/server/chunks/node_modules__pnpm_0_6pd12._.js:155:55581)
              at async h (payload-office-platform/.next/server/chunks/node_modules__pnpm_0lgz3ff._.js:1:18431)
              at async payload-office-platform/.next/server/chunks/node_modules__pnpm_0wwnffj._.js:1:8806
              at async rJ.do (payload-office-platform/node_modules/.pnpm/next@16.2.10_@babel+core@7.29.7_@playwright+test@1.61.1_react-dom@19.2.0_react@19.2.0/node_modules/next/dist/compiled/next-server/app-route-turbo.runtime.prod.js:5:20930)
              at async rJ.handle (payload-office-platform/node_modules/.pnpm/next@16.2.10_@babel+core@7.29.7_@playwright+test@1.61.1_react-dom@19.2.0_react@19.2.0/node_modules/next/dist/compiled/next-server/app-route-turbo.runtime.prod.js:5:25785)
              at async u (payload-office-platform/.next/server/chunks/[root-of-the-server]__0pkvhx_._.js:1:19227)
              at async rJ.handleResponse (payload-office-platform/node_modules/.pnpm/next@16.2.10_@babel+core@7.29.7_@playwright+test@1.61.1_react-dom@19.2.0_react@19.2.0/node_modules/next/dist/compiled/next-server/app-route-turbo.runtime.prod.js:1:119701)
              at async l (payload-office-platform/.next/server/chunks/[root-of-the-server]__0pkvhx_._.js:1:20268)
              at async Module.w [as handler] (payload-office-platform/.next/server/chunks/[root-of-the-server]__0pkvhx_._.js:1:21375)
              at async NextNodeServer.renderToResponseWithComponentsImpl (payload-office-platform/node_modules/.pnpm/next@16.2.10_@babel+core@7.29.7_@playwright+test@1.61.1_react-dom@19.2.0_react@19.2.0/node_modules/next/dist/server/base-server.js:1462:9)
              at async NextNodeServer.renderPageComponent (payload-office-platform/node_modules/.pnpm/next@16.2.10_@babel+core@7.29.7_@playwright+test@1.61.1_react-dom@19.2.0_react@19.2.0/node_modules/next/dist/server/base-server.js:1514:24)
              at async NextNodeServer.renderToResponseImpl (payload-office-platform/node_modules/.pnpm/next@16.2.10_@babel+core@7.29.7_@playwright+test@1.61.1_react-dom@19.2.0_react@19.2.0/node_modules/next/dist/server/base-server.js:1564:32)
              at async NextNodeServer.pipeImpl (payload-office-platform/node_modules/.pnpm/next@16.2.10_@babel+core@7.29.7_@playwright+test@1.61.1_react-dom@19.2.0_react@19.2.0/node_modules/next/dist/server/base-server.js:1044:25)
              at async NextNodeServer.handleCatchallRenderRequest (payload-office-platform/node_modules/.pnpm/next@16.2.10_@babel+core@7.29.7_@playwright+test@1.61.1_react-dom@19.2.0_react@19.2.0/node_modules/next/dist/server/next-server.js:338:17)
              at async NextNodeServer.handleRequestImpl (payload-office-platform/node_modules/.pnpm/next@16.2.10_@babel+core@7.29.7_@playwright+test@1.61.1_react-dom@19.2.0_react@19.2.0/node_modules/next/dist/server/base-server.js:935:17)
              at async invokeRender (payload-office-platform/node_modules/.pnpm/next@16.2.10_@babel+core@7.29.7_@playwright+test@1.61.1_react-dom@19.2.0_react@19.2.0/node_modules/next/dist/server/lib/router-server.js:266:21)
              at async handleRequest (payload-office-platform/node_modules/.pnpm/next@16.2.10_@babel+core@7.29.7_@playwright+test@1.61.1_react-dom@19.2.0_react@19.2.0/node_modules/next/dist/server/lib/router-server.js:465:24)
              at async requestHandlerImpl (payload-office-platform/node_modules/.pnpm/next@16.2.10_@babel+core@7.29.7_@playwright+test@1.61.1_react-dom@19.2.0_react@19.2.0/node_modules/next/dist/server/lib/router-server.js:514:13)
              at async Server.requestListener (payload-office-platform/node_modules/.pnpm/next@16.2.10_@babel+core@7.29.7_@playwright+test@1.61.1_react-dom@19.2.0_react@19.2.0/node_modules/next/dist/server/lib/start-server.js:225:13)
      "data": null,
      "isOperational": true,
      "isPublic": true,
      "status": 403,
      "name": "o"
    }
[14:27:42] ERROR: 您无权执行此操作。
    err: {
      "type": "o",
      "message": "您无权执行此操作。",
      "stack":
          o: 您无权执行此操作。
              at N (payload-office-platform/.next/server/chunks/node_modules__pnpm_0_6pd12._.js:9:50835)
              at process.processTicksAndRejections (node:internal/process/task_queues:103:5)
              at async os (payload-office-platform/.next/server/chunks/node_modules__pnpm_0_6pd12._.js:128:46172)
              at async eR (payload-office-platform/.next/server/chunks/node_modules__pnpm_0_6pd12._.js:155:55581)
              at async h (payload-office-platform/.next/server/chunks/node_modules__pnpm_0lgz3ff._.js:1:18431)
              at async payload-office-platform/.next/server/chunks/node_modules__pnpm_0wwnffj._.js:1:8806
              at async rJ.do (payload-office-platform/node_modules/.pnpm/next@16.2.10_@babel+core@7.29.7_@playwright+test@1.61.1_react-dom@19.2.0_react@19.2.0/node_modules/next/dist/compiled/next-server/app-route-turbo.runtime.prod.js:5:20930)
              at async rJ.handle (payload-office-platform/node_modules/.pnpm/next@16.2.10_@babel+core@7.29.7_@playwright+test@1.61.1_react-dom@19.2.0_react@19.2.0/node_modules/next/dist/compiled/next-server/app-route-turbo.runtime.prod.js:5:25785)
              at async u (payload-office-platform/.next/server/chunks/[root-of-the-server]__0pkvhx_._.js:1:19227)
              at async rJ.handleResponse (payload-office-platform/node_modules/.pnpm/next@16.2.10_@babel+core@7.29.7_@playwright+test@1.61.1_react-dom@19.2.0_react@19.2.0/node_modules/next/dist/compiled/next-server/app-route-turbo.runtime.prod.js:1:119701)
              at async l (payload-office-platform/.next/server/chunks/[root-of-the-server]__0pkvhx_._.js:1:20268)
              at async Module.w [as handler] (payload-office-platform/.next/server/chunks/[root-of-the-server]__0pkvhx_._.js:1:21375)
              at async NextNodeServer.renderToResponseWithComponentsImpl (payload-office-platform/node_modules/.pnpm/next@16.2.10_@babel+core@7.29.7_@playwright+test@1.61.1_react-dom@19.2.0_react@19.2.0/node_modules/next/dist/server/base-server.js:1462:9)
              at async NextNodeServer.renderPageComponent (payload-office-platform/node_modules/.pnpm/next@16.2.10_@babel+core@7.29.7_@playwright+test@1.61.1_react-dom@19.2.0_react@19.2.0/node_modules/next/dist/server/base-server.js:1514:24)
              at async NextNodeServer.renderToResponseImpl (payload-office-platform/node_modules/.pnpm/next@16.2.10_@babel+core@7.29.7_@playwright+test@1.61.1_react-dom@19.2.0_react@19.2.0/node_modules/next/dist/server/base-server.js:1564:32)
              at async NextNodeServer.pipeImpl (payload-office-platform/node_modules/.pnpm/next@16.2.10_@babel+core@7.29.7_@playwright+test@1.61.1_react-dom@19.2.0_react@19.2.0/node_modules/next/dist/server/base-server.js:1044:25)
              at async NextNodeServer.handleCatchallRenderRequest (payload-office-platform/node_modules/.pnpm/next@16.2.10_@babel+core@7.29.7_@playwright+test@1.61.1_react-dom@19.2.0_react@19.2.0/node_modules/next/dist/server/next-server.js:338:17)
              at async NextNodeServer.handleRequestImpl (payload-office-platform/node_modules/.pnpm/next@16.2.10_@babel+core@7.29.7_@playwright+test@1.61.1_react-dom@19.2.0_react@19.2.0/node_modules/next/dist/server/base-server.js:935:17)
              at async invokeRender (payload-office-platform/node_modules/.pnpm/next@16.2.10_@babel+core@7.29.7_@playwright+test@1.61.1_react-dom@19.2.0_react@19.2.0/node_modules/next/dist/server/lib/router-server.js:266:21)
              at async handleRequest (payload-office-platform/node_modules/.pnpm/next@16.2.10_@babel+core@7.29.7_@playwright+test@1.61.1_react-dom@19.2.0_react@19.2.0/node_modules/next/dist/server/lib/router-server.js:465:24)
              at async requestHandlerImpl (payload-office-platform/node_modules/.pnpm/next@16.2.10_@babel+core@7.29.7_@playwright+test@1.61.1_react-dom@19.2.0_react@19.2.0/node_modules/next/dist/server/lib/router-server.js:514:13)
              at async Server.requestListener (payload-office-platform/node_modules/.pnpm/next@16.2.10_@babel+core@7.29.7_@playwright+test@1.61.1_react-dom@19.2.0_react@19.2.0/node_modules/next/dist/server/lib/start-server.js:225:13)
      "data": null,
      "isOperational": true,
      "isPublic": true,
      "status": 403,
      "name": "o"
    }
[14:27:42] ERROR: 您无权执行此操作。
    err: {
      "type": "o",
      "message": "您无权执行此操作。",
      "stack":
          o: 您无权执行此操作。
              at N (payload-office-platform/.next/server/chunks/node_modules__pnpm_0_6pd12._.js:9:50835)
              at process.processTicksAndRejections (node:internal/process/task_queues:103:5)
              at async os (payload-office-platform/.next/server/chunks/node_modules__pnpm_0_6pd12._.js:128:46172)
              at async eR (payload-office-platform/.next/server/chunks/node_modules__pnpm_0_6pd12._.js:155:55581)
              at async h (payload-office-platform/.next/server/chunks/node_modules__pnpm_0lgz3ff._.js:1:18431)
              at async payload-office-platform/.next/server/chunks/node_modules__pnpm_0wwnffj._.js:1:8806
              at async rJ.do (payload-office-platform/node_modules/.pnpm/next@16.2.10_@babel+core@7.29.7_@playwright+test@1.61.1_react-dom@19.2.0_react@19.2.0/node_modules/next/dist/compiled/next-server/app-route-turbo.runtime.prod.js:5:20930)
              at async rJ.handle (payload-office-platform/node_modules/.pnpm/next@16.2.10_@babel+core@7.29.7_@playwright+test@1.61.1_react-dom@19.2.0_react@19.2.0/node_modules/next/dist/compiled/next-server/app-route-turbo.runtime.prod.js:5:25785)
              at async u (payload-office-platform/.next/server/chunks/[root-of-the-server]__0pkvhx_._.js:1:19227)
              at async rJ.handleResponse (payload-office-platform/node_modules/.pnpm/next@16.2.10_@babel+core@7.29.7_@playwright+test@1.61.1_react-dom@19.2.0_react@19.2.0/node_modules/next/dist/compiled/next-server/app-route-turbo.runtime.prod.js:1:119701)
              at async l (payload-office-platform/.next/server/chunks/[root-of-the-server]__0pkvhx_._.js:1:20268)
              at async Module.w [as handler] (payload-office-platform/.next/server/chunks/[root-of-the-server]__0pkvhx_._.js:1:21375)
              at async NextNodeServer.renderToResponseWithComponentsImpl (payload-office-platform/node_modules/.pnpm/next@16.2.10_@babel+core@7.29.7_@playwright+test@1.61.1_react-dom@19.2.0_react@19.2.0/node_modules/next/dist/server/base-server.js:1462:9)
              at async NextNodeServer.renderPageComponent (payload-office-platform/node_modules/.pnpm/next@16.2.10_@babel+core@7.29.7_@playwright+test@1.61.1_react-dom@19.2.0_react@19.2.0/node_modules/next/dist/server/base-server.js:1514:24)
              at async NextNodeServer.renderToResponseImpl (payload-office-platform/node_modules/.pnpm/next@16.2.10_@babel+core@7.29.7_@playwright+test@1.61.1_react-dom@19.2.0_react@19.2.0/node_modules/next/dist/server/base-server.js:1564:32)
              at async NextNodeServer.pipeImpl (payload-office-platform/node_modules/.pnpm/next@16.2.10_@babel+core@7.29.7_@playwright+test@1.61.1_react-dom@19.2.0_react@19.2.0/node_modules/next/dist/server/base-server.js:1044:25)
              at async NextNodeServer.handleCatchallRenderRequest (payload-office-platform/node_modules/.pnpm/next@16.2.10_@babel+core@7.29.7_@playwright+test@1.61.1_react-dom@19.2.0_react@19.2.0/node_modules/next/dist/server/next-server.js:338:17)
              at async NextNodeServer.handleRequestImpl (payload-office-platform/node_modules/.pnpm/next@16.2.10_@babel+core@7.29.7_@playwright+test@1.61.1_react-dom@19.2.0_react@19.2.0/node_modules/next/dist/server/base-server.js:935:17)
              at async invokeRender (payload-office-platform/node_modules/.pnpm/next@16.2.10_@babel+core@7.29.7_@playwright+test@1.61.1_react-dom@19.2.0_react@19.2.0/node_modules/next/dist/server/lib/router-server.js:266:21)
              at async handleRequest (payload-office-platform/node_modules/.pnpm/next@16.2.10_@babel+core@7.29.7_@playwright+test@1.61.1_react-dom@19.2.0_react@19.2.0/node_modules/next/dist/server/lib/router-server.js:465:24)
              at async requestHandlerImpl (payload-office-platform/node_modules/.pnpm/next@16.2.10_@babel+core@7.29.7_@playwright+test@1.61.1_react-dom@19.2.0_react@19.2.0/node_modules/next/dist/server/lib/router-server.js:514:13)
              at async Server.requestListener (payload-office-platform/node_modules/.pnpm/next@16.2.10_@babel+core@7.29.7_@playwright+test@1.61.1_react-dom@19.2.0_react@19.2.0/node_modules/next/dist/server/lib/start-server.js:225:13)
      "data": null,
      "isOperational": true,
      "isPublic": true,
      "status": 403,
      "name": "o"
    }
[14:27:43] INFO: inquiry_success
    requestId: "b6e20a39-efae-4ff3-a23e-d30bcca926dc"
    pageType: "listing"
    path: "/listings/jingan-serviced-office-42-seats"
    targetType: "listing"
    targetSlug: "jingan-serviced-office-42-seats"
    phoneMasked: "138****1111"
    consentPolicyVersion: "MVP-R2"
    idempotent: false
    fieldCompleteness: "with_message"
    campaignKeys: []
    errorCode: null
    durationMs: 71
    hasPriceSnapshot: true
    section: "hero"
    targetResolution: "listing"
[14:27:44] INFO: inquiry_success
    requestId: "58aa1df3-1034-45dc-9ad4-05b4b1a0bff1"
    pageType: "listing"
    path: "/listings/jingan-serviced-office-42-seats"
    targetType: "listing"
    targetSlug: "jingan-serviced-office-42-seats"
    phoneMasked: "138****1111"
    consentPolicyVersion: "MVP-R2"
    idempotent: false
    fieldCompleteness: "with_message"
    campaignKeys: []
    errorCode: null
    durationMs: 67
    hasPriceSnapshot: true
    section: "hero"
    targetResolution: "listing"
[14:27:45] INFO: inquiry_success
    requestId: "74f22942-2d66-4233-b729-8c0423b8c7f4"
    pageType: "listing"
    path: "/listings/jingan-serviced-office-42-seats"
    targetType: "listing"
    targetSlug: "jingan-serviced-office-42-seats"
    phoneMasked: "138****1111"
    consentPolicyVersion: "MVP-R2"
    idempotent: false
    fieldCompleteness: "with_message"
    campaignKeys: []
    errorCode: null
    durationMs: 69
    hasPriceSnapshot: true
    section: "hero"
    targetResolution: "listing"
[14:27:45] INFO: inquiry_success
    requestId: "1ae214e8-b100-47b9-9ed8-af7462d4681a"
    pageType: "listing"
    path: "/listings/lujiazui-grade-a-780sqm"
    targetType: "listing"
    targetSlug: "lujiazui-grade-a-780sqm"
    phoneMasked: "138****1111"
    consentPolicyVersion: "MVP-R2"
    idempotent: false
    fieldCompleteness: "with_message"
    campaignKeys: []
    errorCode: null
    durationMs: 69
    hasPriceSnapshot: true
    section: "hero"
    targetResolution: "listing"
[14:27:49] ERROR: 您无权执行此操作。
    err: {
      "type": "o",
      "message": "您无权执行此操作。",
      "stack":
          o: 您无权执行此操作。
              at N (payload-office-platform/.next/server/chunks/node_modules__pnpm_0_6pd12._.js:9:50835)
              at process.processTicksAndRejections (node:internal/process/task_queues:103:5)
              at async os (payload-office-platform/.next/server/chunks/node_modules__pnpm_0_6pd12._.js:128:46172)
              at async eR (payload-office-platform/.next/server/chunks/node_modules__pnpm_0_6pd12._.js:155:55581)
              at async h (payload-office-platform/.next/server/chunks/node_modules__pnpm_0lgz3ff._.js:1:18431)
              at async payload-office-platform/.next/server/chunks/node_modules__pnpm_0wwnffj._.js:1:8806
              at async rJ.do (payload-office-platform/node_modules/.pnpm/next@16.2.10_@babel+core@7.29.7_@playwright+test@1.61.1_react-dom@19.2.0_react@19.2.0/node_modules/next/dist/compiled/next-server/app-route-turbo.runtime.prod.js:5:20930)
              at async rJ.handle (payload-office-platform/node_modules/.pnpm/next@16.2.10_@babel+core@7.29.7_@playwright+test@1.61.1_react-dom@19.2.0_react@19.2.0/node_modules/next/dist/compiled/next-server/app-route-turbo.runtime.prod.js:5:25785)
              at async u (payload-office-platform/.next/server/chunks/[root-of-the-server]__0pkvhx_._.js:1:19227)
              at async rJ.handleResponse (payload-office-platform/node_modules/.pnpm/next@16.2.10_@babel+core@7.29.7_@playwright+test@1.61.1_react-dom@19.2.0_react@19.2.0/node_modules/next/dist/compiled/next-server/app-route-turbo.runtime.prod.js:1:119701)
              at async l (payload-office-platform/.next/server/chunks/[root-of-the-server]__0pkvhx_._.js:1:20268)
              at async Module.w [as handler] (payload-office-platform/.next/server/chunks/[root-of-the-server]__0pkvhx_._.js:1:21375)
              at async NextNodeServer.renderToResponseWithComponentsImpl (payload-office-platform/node_modules/.pnpm/next@16.2.10_@babel+core@7.29.7_@playwright+test@1.61.1_react-dom@19.2.0_react@19.2.0/node_modules/next/dist/server/base-server.js:1462:9)
              at async NextNodeServer.renderPageComponent (payload-office-platform/node_modules/.pnpm/next@16.2.10_@babel+core@7.29.7_@playwright+test@1.61.1_react-dom@19.2.0_react@19.2.0/node_modules/next/dist/server/base-server.js:1514:24)
              at async NextNodeServer.renderToResponseImpl (payload-office-platform/node_modules/.pnpm/next@16.2.10_@babel+core@7.29.7_@playwright+test@1.61.1_react-dom@19.2.0_react@19.2.0/node_modules/next/dist/server/base-server.js:1564:32)
              at async NextNodeServer.pipeImpl (payload-office-platform/node_modules/.pnpm/next@16.2.10_@babel+core@7.29.7_@playwright+test@1.61.1_react-dom@19.2.0_react@19.2.0/node_modules/next/dist/server/base-server.js:1044:25)
              at async NextNodeServer.handleCatchallRenderRequest (payload-office-platform/node_modules/.pnpm/next@16.2.10_@babel+core@7.29.7_@playwright+test@1.61.1_react-dom@19.2.0_react@19.2.0/node_modules/next/dist/server/next-server.js:338:17)
              at async NextNodeServer.handleRequestImpl (payload-office-platform/node_modules/.pnpm/next@16.2.10_@babel+core@7.29.7_@playwright+test@1.61.1_react-dom@19.2.0_react@19.2.0/node_modules/next/dist/server/base-server.js:935:17)
              at async invokeRender (payload-office-platform/node_modules/.pnpm/next@16.2.10_@babel+core@7.29.7_@playwright+test@1.61.1_react-dom@19.2.0_react@19.2.0/node_modules/next/dist/server/lib/router-server.js:266:21)
              at async handleRequest (payload-office-platform/node_modules/.pnpm/next@16.2.10_@babel+core@7.29.7_@playwright+test@1.61.1_react-dom@19.2.0_react@19.2.0/node_modules/next/dist/server/lib/router-server.js:465:24)
              at async requestHandlerImpl (payload-office-platform/node_modules/.pnpm/next@16.2.10_@babel+core@7.29.7_@playwright+test@1.61.1_react-dom@19.2.0_react@19.2.0/node_modules/next/dist/server/lib/router-server.js:514:13)
              at async Server.requestListener (payload-office-platform/node_modules/.pnpm/next@16.2.10_@babel+core@7.29.7_@playwright+test@1.61.1_react-dom@19.2.0_react@19.2.0/node_modules/next/dist/server/lib/start-server.js:225:13)
      "data": null,
      "isOperational": true,
      "isPublic": true,
      "status": 403,
      "name": "o"
    }
[14:27:50] ERROR: 您无权执行此操作。
    err: {
      "type": "o",
      "message": "您无权执行此操作。",
      "stack":
          o: 您无权执行此操作。
              at N (payload-office-platform/.next/server/chunks/node_modules__pnpm_0_6pd12._.js:9:50835)
              at process.processTicksAndRejections (node:internal/process/task_queues:103:5)
              at async os (payload-office-platform/.next/server/chunks/node_modules__pnpm_0_6pd12._.js:128:46172)
              at async eR (payload-office-platform/.next/server/chunks/node_modules__pnpm_0_6pd12._.js:155:55581)
              at async h (payload-office-platform/.next/server/chunks/node_modules__pnpm_0lgz3ff._.js:1:18431)
              at async payload-office-platform/.next/server/chunks/node_modules__pnpm_0wwnffj._.js:1:8806
              at async rJ.do (payload-office-platform/node_modules/.pnpm/next@16.2.10_@babel+core@7.29.7_@playwright+test@1.61.1_react-dom@19.2.0_react@19.2.0/node_modules/next/dist/compiled/next-server/app-route-turbo.runtime.prod.js:5:20930)
              at async rJ.handle (payload-office-platform/node_modules/.pnpm/next@16.2.10_@babel+core@7.29.7_@playwright+test@1.61.1_react-dom@19.2.0_react@19.2.0/node_modules/next/dist/compiled/next-server/app-route-turbo.runtime.prod.js:5:25785)
              at async u (payload-office-platform/.next/server/chunks/[root-of-the-server]__0pkvhx_._.js:1:19227)
              at async rJ.handleResponse (payload-office-platform/node_modules/.pnpm/next@16.2.10_@babel+core@7.29.7_@playwright+test@1.61.1_react-dom@19.2.0_react@19.2.0/node_modules/next/dist/compiled/next-server/app-route-turbo.runtime.prod.js:1:119701)
              at async l (payload-office-platform/.next/server/chunks/[root-of-the-server]__0pkvhx_._.js:1:20268)
              at async Module.w [as handler] (payload-office-platform/.next/server/chunks/[root-of-the-server]__0pkvhx_._.js:1:21375)
              at async NextNodeServer.renderToResponseWithComponentsImpl (payload-office-platform/node_modules/.pnpm/next@16.2.10_@babel+core@7.29.7_@playwright+test@1.61.1_react-dom@19.2.0_react@19.2.0/node_modules/next/dist/server/base-server.js:1462:9)
              at async NextNodeServer.renderPageComponent (payload-office-platform/node_modules/.pnpm/next@16.2.10_@babel+core@7.29.7_@playwright+test@1.61.1_react-dom@19.2.0_react@19.2.0/node_modules/next/dist/server/base-server.js:1514:24)
              at async NextNodeServer.renderToResponseImpl (payload-office-platform/node_modules/.pnpm/next@16.2.10_@babel+core@7.29.7_@playwright+test@1.61.1_react-dom@19.2.0_react@19.2.0/node_modules/next/dist/server/base-server.js:1564:32)
              at async NextNodeServer.pipeImpl (payload-office-platform/node_modules/.pnpm/next@16.2.10_@babel+core@7.29.7_@playwright+test@1.61.1_react-dom@19.2.0_react@19.2.0/node_modules/next/dist/server/base-server.js:1044:25)
              at async NextNodeServer.handleCatchallRenderRequest (payload-office-platform/node_modules/.pnpm/next@16.2.10_@babel+core@7.29.7_@playwright+test@1.61.1_react-dom@19.2.0_react@19.2.0/node_modules/next/dist/server/next-server.js:338:17)
              at async NextNodeServer.handleRequestImpl (payload-office-platform/node_modules/.pnpm/next@16.2.10_@babel+core@7.29.7_@playwright+test@1.61.1_react-dom@19.2.0_react@19.2.0/node_modules/next/dist/server/base-server.js:935:17)
              at async invokeRender (payload-office-platform/node_modules/.pnpm/next@16.2.10_@babel+core@7.29.7_@playwright+test@1.61.1_react-dom@19.2.0_react@19.2.0/node_modules/next/dist/server/lib/router-server.js:266:21)
              at async handleRequest (payload-office-platform/node_modules/.pnpm/next@16.2.10_@babel+core@7.29.7_@playwright+test@1.61.1_react-dom@19.2.0_react@19.2.0/node_modules/next/dist/server/lib/router-server.js:465:24)
              at async requestHandlerImpl (payload-office-platform/node_modules/.pnpm/next@16.2.10_@babel+core@7.29.7_@playwright+test@1.61.1_react-dom@19.2.0_react@19.2.0/node_modules/next/dist/server/lib/router-server.js:514:13)
              at async Server.requestListener (payload-office-platform/node_modules/.pnpm/next@16.2.10_@babel+core@7.29.7_@playwright+test@1.61.1_react-dom@19.2.0_react@19.2.0/node_modules/next/dist/server/lib/start-server.js:225:13)
      "data": null,
      "isOperational": true,
      "isPublic": true,
      "status": 403,
      "name": "o"
    }
[14:27:50] ERROR: 您无权执行此操作。
    err: {
      "type": "o",
      "message": "您无权执行此操作。",
      "stack":
          o: 您无权执行此操作。
              at N (payload-office-platform/.next/server/chunks/node_modules__pnpm_0_6pd12._.js:9:50835)
              at process.processTicksAndRejections (node:internal/process/task_queues:103:5)
              at async os (payload-office-platform/.next/server/chunks/node_modules__pnpm_0_6pd12._.js:128:46172)
              at async eR (payload-office-platform/.next/server/chunks/node_modules__pnpm_0_6pd12._.js:155:55581)
              at async h (payload-office-platform/.next/server/chunks/node_modules__pnpm_0lgz3ff._.js:1:18431)
              at async payload-office-platform/.next/server/chunks/node_modules__pnpm_0wwnffj._.js:1:8806
              at async rJ.do (payload-office-platform/node_modules/.pnpm/next@16.2.10_@babel+core@7.29.7_@playwright+test@1.61.1_react-dom@19.2.0_react@19.2.0/node_modules/next/dist/compiled/next-server/app-route-turbo.runtime.prod.js:5:20930)
              at async rJ.handle (payload-office-platform/node_modules/.pnpm/next@16.2.10_@babel+core@7.29.7_@playwright+test@1.61.1_react-dom@19.2.0_react@19.2.0/node_modules/next/dist/compiled/next-server/app-route-turbo.runtime.prod.js:5:25785)
              at async u (payload-office-platform/.next/server/chunks/[root-of-the-server]__0pkvhx_._.js:1:19227)
              at async rJ.handleResponse (payload-office-platform/node_modules/.pnpm/next@16.2.10_@babel+core@7.29.7_@playwright+test@1.61.1_react-dom@19.2.0_react@19.2.0/node_modules/next/dist/compiled/next-server/app-route-turbo.runtime.prod.js:1:119701)
              at async l (payload-office-platform/.next/server/chunks/[root-of-the-server]__0pkvhx_._.js:1:20268)
              at async Module.w [as handler] (payload-office-platform/.next/server/chunks/[root-of-the-server]__0pkvhx_._.js:1:21375)
              at async NextNodeServer.renderToResponseWithComponentsImpl (payload-office-platform/node_modules/.pnpm/next@16.2.10_@babel+core@7.29.7_@playwright+test@1.61.1_react-dom@19.2.0_react@19.2.0/node_modules/next/dist/server/base-server.js:1462:9)
              at async NextNodeServer.renderPageComponent (payload-office-platform/node_modules/.pnpm/next@16.2.10_@babel+core@7.29.7_@playwright+test@1.61.1_react-dom@19.2.0_react@19.2.0/node_modules/next/dist/server/base-server.js:1514:24)
              at async NextNodeServer.renderToResponseImpl (payload-office-platform/node_modules/.pnpm/next@16.2.10_@babel+core@7.29.7_@playwright+test@1.61.1_react-dom@19.2.0_react@19.2.0/node_modules/next/dist/server/base-server.js:1564:32)
              at async NextNodeServer.pipeImpl (payload-office-platform/node_modules/.pnpm/next@16.2.10_@babel+core@7.29.7_@playwright+test@1.61.1_react-dom@19.2.0_react@19.2.0/node_modules/next/dist/server/base-server.js:1044:25)
              at async NextNodeServer.handleCatchallRenderRequest (payload-office-platform/node_modules/.pnpm/next@16.2.10_@babel+core@7.29.7_@playwright+test@1.61.1_react-dom@19.2.0_react@19.2.0/node_modules/next/dist/server/next-server.js:338:17)
              at async NextNodeServer.handleRequestImpl (payload-office-platform/node_modules/.pnpm/next@16.2.10_@babel+core@7.29.7_@playwright+test@1.61.1_react-dom@19.2.0_react@19.2.0/node_modules/next/dist/server/base-server.js:935:17)
              at async invokeRender (payload-office-platform/node_modules/.pnpm/next@16.2.10_@babel+core@7.29.7_@playwright+test@1.61.1_react-dom@19.2.0_react@19.2.0/node_modules/next/dist/server/lib/router-server.js:266:21)
              at async handleRequest (payload-office-platform/node_modules/.pnpm/next@16.2.10_@babel+core@7.29.7_@playwright+test@1.61.1_react-dom@19.2.0_react@19.2.0/node_modules/next/dist/server/lib/router-server.js:465:24)
              at async requestHandlerImpl (payload-office-platform/node_modules/.pnpm/next@16.2.10_@babel+core@7.29.7_@playwright+test@1.61.1_react-dom@19.2.0_react@19.2.0/node_modules/next/dist/server/lib/router-server.js:514:13)
              at async Server.requestListener (payload-office-platform/node_modules/.pnpm/next@16.2.10_@babel+core@7.29.7_@playwright+test@1.61.1_react-dom@19.2.0_react@19.2.0/node_modules/next/dist/server/lib/start-server.js:225:13)
      "data": null,
      "isOperational": true,
      "isPublic": true,
      "status": 403,
      "name": "o"
    }
[14:27:51] ERROR: 您无权执行此操作。
    err: {
      "type": "o",
      "message": "您无权执行此操作。",
      "stack":
          o: 您无权执行此操作。
              at N (payload-office-platform/.next/server/chunks/node_modules__pnpm_0_6pd12._.js:9:50835)
              at process.processTicksAndRejections (node:internal/process/task_queues:103:5)
              at async os (payload-office-platform/.next/server/chunks/node_modules__pnpm_0_6pd12._.js:128:46172)
              at async eR (payload-office-platform/.next/server/chunks/node_modules__pnpm_0_6pd12._.js:155:55581)
              at async h (payload-office-platform/.next/server/chunks/node_modules__pnpm_0lgz3ff._.js:1:18431)
              at async payload-office-platform/.next/server/chunks/node_modules__pnpm_0wwnffj._.js:1:8806
              at async rJ.do (payload-office-platform/node_modules/.pnpm/next@16.2.10_@babel+core@7.29.7_@playwright+test@1.61.1_react-dom@19.2.0_react@19.2.0/node_modules/next/dist/compiled/next-server/app-route-turbo.runtime.prod.js:5:20930)
              at async rJ.handle (payload-office-platform/node_modules/.pnpm/next@16.2.10_@babel+core@7.29.7_@playwright+test@1.61.1_react-dom@19.2.0_react@19.2.0/node_modules/next/dist/compiled/next-server/app-route-turbo.runtime.prod.js:5:25785)
              at async u (payload-office-platform/.next/server/chunks/[root-of-the-server]__0pkvhx_._.js:1:19227)
              at async rJ.handleResponse (payload-office-platform/node_modules/.pnpm/next@16.2.10_@babel+core@7.29.7_@playwright+test@1.61.1_react-dom@19.2.0_react@19.2.0/node_modules/next/dist/compiled/next-server/app-route-turbo.runtime.prod.js:1:119701)
              at async l (payload-office-platform/.next/server/chunks/[root-of-the-server]__0pkvhx_._.js:1:20268)
              at async Module.w [as handler] (payload-office-platform/.next/server/chunks/[root-of-the-server]__0pkvhx_._.js:1:21375)
              at async NextNodeServer.renderToResponseWithComponentsImpl (payload-office-platform/node_modules/.pnpm/next@16.2.10_@babel+core@7.29.7_@playwright+test@1.61.1_react-dom@19.2.0_react@19.2.0/node_modules/next/dist/server/base-server.js:1462:9)
              at async NextNodeServer.renderPageComponent (payload-office-platform/node_modules/.pnpm/next@16.2.10_@babel+core@7.29.7_@playwright+test@1.61.1_react-dom@19.2.0_react@19.2.0/node_modules/next/dist/server/base-server.js:1514:24)
              at async NextNodeServer.renderToResponseImpl (payload-office-platform/node_modules/.pnpm/next@16.2.10_@babel+core@7.29.7_@playwright+test@1.61.1_react-dom@19.2.0_react@19.2.0/node_modules/next/dist/server/base-server.js:1564:32)
              at async NextNodeServer.pipeImpl (payload-office-platform/node_modules/.pnpm/next@16.2.10_@babel+core@7.29.7_@playwright+test@1.61.1_react-dom@19.2.0_react@19.2.0/node_modules/next/dist/server/base-server.js:1044:25)
              at async NextNodeServer.handleCatchallRenderRequest (payload-office-platform/node_modules/.pnpm/next@16.2.10_@babel+core@7.29.7_@playwright+test@1.61.1_react-dom@19.2.0_react@19.2.0/node_modules/next/dist/server/next-server.js:338:17)
              at async NextNodeServer.handleRequestImpl (payload-office-platform/node_modules/.pnpm/next@16.2.10_@babel+core@7.29.7_@playwright+test@1.61.1_react-dom@19.2.0_react@19.2.0/node_modules/next/dist/server/base-server.js:935:17)
              at async invokeRender (payload-office-platform/node_modules/.pnpm/next@16.2.10_@babel+core@7.29.7_@playwright+test@1.61.1_react-dom@19.2.0_react@19.2.0/node_modules/next/dist/server/lib/router-server.js:266:21)
              at async handleRequest (payload-office-platform/node_modules/.pnpm/next@16.2.10_@babel+core@7.29.7_@playwright+test@1.61.1_react-dom@19.2.0_react@19.2.0/node_modules/next/dist/server/lib/router-server.js:465:24)
              at async requestHandlerImpl (payload-office-platform/node_modules/.pnpm/next@16.2.10_@babel+core@7.29.7_@playwright+test@1.61.1_react-dom@19.2.0_react@19.2.0/node_modules/next/dist/server/lib/router-server.js:514:13)
              at async Server.requestListener (payload-office-platform/node_modules/.pnpm/next@16.2.10_@babel+core@7.29.7_@playwright+test@1.61.1_react-dom@19.2.0_react@19.2.0/node_modules/next/dist/server/lib/start-server.js:225:13)
      "data": null,
      "isOperational": true,
      "isPublic": true,
      "status": 403,
      "name": "o"
    }
[14:27:51] ERROR: 您无权执行此操作。
    err: {
      "type": "o",
      "message": "您无权执行此操作。",
      "stack":
          o: 您无权执行此操作。
              at N (payload-office-platform/.next/server/chunks/node_modules__pnpm_0_6pd12._.js:9:50835)
              at process.processTicksAndRejections (node:internal/process/task_queues:103:5)
              at async os (payload-office-platform/.next/server/chunks/node_modules__pnpm_0_6pd12._.js:128:46172)
              at async eR (payload-office-platform/.next/server/chunks/node_modules__pnpm_0_6pd12._.js:155:55581)
              at async h (payload-office-platform/.next/server/chunks/node_modules__pnpm_0lgz3ff._.js:1:18431)
              at async payload-office-platform/.next/server/chunks/node_modules__pnpm_0wwnffj._.js:1:8806
              at async rJ.do (payload-office-platform/node_modules/.pnpm/next@16.2.10_@babel+core@7.29.7_@playwright+test@1.61.1_react-dom@19.2.0_react@19.2.0/node_modules/next/dist/compiled/next-server/app-route-turbo.runtime.prod.js:5:20930)
              at async rJ.handle (payload-office-platform/node_modules/.pnpm/next@16.2.10_@babel+core@7.29.7_@playwright+test@1.61.1_react-dom@19.2.0_react@19.2.0/node_modules/next/dist/compiled/next-server/app-route-turbo.runtime.prod.js:5:25785)
              at async u (payload-office-platform/.next/server/chunks/[root-of-the-server]__0pkvhx_._.js:1:19227)
              at async rJ.handleResponse (payload-office-platform/node_modules/.pnpm/next@16.2.10_@babel+core@7.29.7_@playwright+test@1.61.1_react-dom@19.2.0_react@19.2.0/node_modules/next/dist/compiled/next-server/app-route-turbo.runtime.prod.js:1:119701)
              at async l (payload-office-platform/.next/server/chunks/[root-of-the-server]__0pkvhx_._.js:1:20268)
              at async Module.w [as handler] (payload-office-platform/.next/server/chunks/[root-of-the-server]__0pkvhx_._.js:1:21375)
              at async NextNodeServer.renderToResponseWithComponentsImpl (payload-office-platform/node_modules/.pnpm/next@16.2.10_@babel+core@7.29.7_@playwright+test@1.61.1_react-dom@19.2.0_react@19.2.0/node_modules/next/dist/server/base-server.js:1462:9)
              at async NextNodeServer.renderPageComponent (payload-office-platform/node_modules/.pnpm/next@16.2.10_@babel+core@7.29.7_@playwright+test@1.61.1_react-dom@19.2.0_react@19.2.0/node_modules/next/dist/server/base-server.js:1514:24)
              at async NextNodeServer.renderToResponseImpl (payload-office-platform/node_modules/.pnpm/next@16.2.10_@babel+core@7.29.7_@playwright+test@1.61.1_react-dom@19.2.0_react@19.2.0/node_modules/next/dist/server/base-server.js:1564:32)
              at async NextNodeServer.pipeImpl (payload-office-platform/node_modules/.pnpm/next@16.2.10_@babel+core@7.29.7_@playwright+test@1.61.1_react-dom@19.2.0_react@19.2.0/node_modules/next/dist/server/base-server.js:1044:25)
              at async NextNodeServer.handleCatchallRenderRequest (payload-office-platform/node_modules/.pnpm/next@16.2.10_@babel+core@7.29.7_@playwright+test@1.61.1_react-dom@19.2.0_react@19.2.0/node_modules/next/dist/server/next-server.js:338:17)
              at async NextNodeServer.handleRequestImpl (payload-office-platform/node_modules/.pnpm/next@16.2.10_@babel+core@7.29.7_@playwright+test@1.61.1_react-dom@19.2.0_react@19.2.0/node_modules/next/dist/server/base-server.js:935:17)
              at async invokeRender (payload-office-platform/node_modules/.pnpm/next@16.2.10_@babel+core@7.29.7_@playwright+test@1.61.1_react-dom@19.2.0_react@19.2.0/node_modules/next/dist/server/lib/router-server.js:266:21)
              at async handleRequest (payload-office-platform/node_modules/.pnpm/next@16.2.10_@babel+core@7.29.7_@playwright+test@1.61.1_react-dom@19.2.0_react@19.2.0/node_modules/next/dist/server/lib/router-server.js:465:24)
              at async requestHandlerImpl (payload-office-platform/node_modules/.pnpm/next@16.2.10_@babel+core@7.29.7_@playwright+test@1.61.1_react-dom@19.2.0_react@19.2.0/node_modules/next/dist/server/lib/router-server.js:514:13)
              at async Server.requestListener (payload-office-platform/node_modules/.pnpm/next@16.2.10_@babel+core@7.29.7_@playwright+test@1.61.1_react-dom@19.2.0_react@19.2.0/node_modules/next/dist/server/lib/start-server.js:225:13)
      "data": null,
      "isOperational": true,
      "isPublic": true,
      "status": 403,
      "name": "o"
    }
[14:27:52] ERROR: 您无权执行此操作。
    err: {
      "type": "o",
      "message": "您无权执行此操作。",
      "stack":
          o: 您无权执行此操作。
              at N (payload-office-platform/.next/server/chunks/node_modules__pnpm_0_6pd12._.js:9:50835)
              at process.processTicksAndRejections (node:internal/process/task_queues:103:5)
              at async os (payload-office-platform/.next/server/chunks/node_modules__pnpm_0_6pd12._.js:128:46172)
              at async eR (payload-office-platform/.next/server/chunks/node_modules__pnpm_0_6pd12._.js:155:55581)
              at async h (payload-office-platform/.next/server/chunks/node_modules__pnpm_0lgz3ff._.js:1:18431)
              at async payload-office-platform/.next/server/chunks/node_modules__pnpm_0wwnffj._.js:1:8806
              at async rJ.do (payload-office-platform/node_modules/.pnpm/next@16.2.10_@babel+core@7.29.7_@playwright+test@1.61.1_react-dom@19.2.0_react@19.2.0/node_modules/next/dist/compiled/next-server/app-route-turbo.runtime.prod.js:5:20930)
              at async rJ.handle (payload-office-platform/node_modules/.pnpm/next@16.2.10_@babel+core@7.29.7_@playwright+test@1.61.1_react-dom@19.2.0_react@19.2.0/node_modules/next/dist/compiled/next-server/app-route-turbo.runtime.prod.js:5:25785)
              at async u (payload-office-platform/.next/server/chunks/[root-of-the-server]__0pkvhx_._.js:1:19227)
              at async rJ.handleResponse (payload-office-platform/node_modules/.pnpm/next@16.2.10_@babel+core@7.29.7_@playwright+test@1.61.1_react-dom@19.2.0_react@19.2.0/node_modules/next/dist/compiled/next-server/app-route-turbo.runtime.prod.js:1:119701)
              at async l (payload-office-platform/.next/server/chunks/[root-of-the-server]__0pkvhx_._.js:1:20268)
              at async Module.w [as handler] (payload-office-platform/.next/server/chunks/[root-of-the-server]__0pkvhx_._.js:1:21375)
              at async NextNodeServer.renderToResponseWithComponentsImpl (payload-office-platform/node_modules/.pnpm/next@16.2.10_@babel+core@7.29.7_@playwright+test@1.61.1_react-dom@19.2.0_react@19.2.0/node_modules/next/dist/server/base-server.js:1462:9)
              at async NextNodeServer.renderPageComponent (payload-office-platform/node_modules/.pnpm/next@16.2.10_@babel+core@7.29.7_@playwright+test@1.61.1_react-dom@19.2.0_react@19.2.0/node_modules/next/dist/server/base-server.js:1514:24)
              at async NextNodeServer.renderToResponseImpl (payload-office-platform/node_modules/.pnpm/next@16.2.10_@babel+core@7.29.7_@playwright+test@1.61.1_react-dom@19.2.0_react@19.2.0/node_modules/next/dist/server/base-server.js:1564:32)
              at async NextNodeServer.pipeImpl (payload-office-platform/node_modules/.pnpm/next@16.2.10_@babel+core@7.29.7_@playwright+test@1.61.1_react-dom@19.2.0_react@19.2.0/node_modules/next/dist/server/base-server.js:1044:25)
              at async NextNodeServer.handleCatchallRenderRequest (payload-office-platform/node_modules/.pnpm/next@16.2.10_@babel+core@7.29.7_@playwright+test@1.61.1_react-dom@19.2.0_react@19.2.0/node_modules/next/dist/server/next-server.js:338:17)
              at async NextNodeServer.handleRequestImpl (payload-office-platform/node_modules/.pnpm/next@16.2.10_@babel+core@7.29.7_@playwright+test@1.61.1_react-dom@19.2.0_react@19.2.0/node_modules/next/dist/server/base-server.js:935:17)
              at async invokeRender (payload-office-platform/node_modules/.pnpm/next@16.2.10_@babel+core@7.29.7_@playwright+test@1.61.1_react-dom@19.2.0_react@19.2.0/node_modules/next/dist/server/lib/router-server.js:266:21)
              at async handleRequest (payload-office-platform/node_modules/.pnpm/next@16.2.10_@babel+core@7.29.7_@playwright+test@1.61.1_react-dom@19.2.0_react@19.2.0/node_modules/next/dist/server/lib/router-server.js:465:24)
              at async requestHandlerImpl (payload-office-platform/node_modules/.pnpm/next@16.2.10_@babel+core@7.29.7_@playwright+test@1.61.1_react-dom@19.2.0_react@19.2.0/node_modules/next/dist/server/lib/router-server.js:514:13)
              at async Server.requestListener (payload-office-platform/node_modules/.pnpm/next@16.2.10_@babel+core@7.29.7_@playwright+test@1.61.1_react-dom@19.2.0_react@19.2.0/node_modules/next/dist/server/lib/start-server.js:225:13)
      "data": null,
      "isOperational": true,
      "isPublic": true,
      "status": 403,
      "name": "o"
    }
[14:27:52] ERROR: 您无权执行此操作。
    err: {
      "type": "o",
      "message": "您无权执行此操作。",
      "stack":
          o: 您无权执行此操作。
              at N (payload-office-platform/.next/server/chunks/node_modules__pnpm_0_6pd12._.js:9:50835)
              at process.processTicksAndRejections (node:internal/process/task_queues:103:5)
              at async os (payload-office-platform/.next/server/chunks/node_modules__pnpm_0_6pd12._.js:128:46172)
              at async eR (payload-office-platform/.next/server/chunks/node_modules__pnpm_0_6pd12._.js:155:55581)
              at async h (payload-office-platform/.next/server/chunks/node_modules__pnpm_0lgz3ff._.js:1:18431)
              at async payload-office-platform/.next/server/chunks/node_modules__pnpm_0wwnffj._.js:1:8806
              at async rJ.do (payload-office-platform/node_modules/.pnpm/next@16.2.10_@babel+core@7.29.7_@playwright+test@1.61.1_react-dom@19.2.0_react@19.2.0/node_modules/next/dist/compiled/next-server/app-route-turbo.runtime.prod.js:5:20930)
              at async rJ.handle (payload-office-platform/node_modules/.pnpm/next@16.2.10_@babel+core@7.29.7_@playwright+test@1.61.1_react-dom@19.2.0_react@19.2.0/node_modules/next/dist/compiled/next-server/app-route-turbo.runtime.prod.js:5:25785)
              at async u (payload-office-platform/.next/server/chunks/[root-of-the-server]__0pkvhx_._.js:1:19227)
              at async rJ.handleResponse (payload-office-platform/node_modules/.pnpm/next@16.2.10_@babel+core@7.29.7_@playwright+test@1.61.1_react-dom@19.2.0_react@19.2.0/node_modules/next/dist/compiled/next-server/app-route-turbo.runtime.prod.js:1:119701)
              at async l (payload-office-platform/.next/server/chunks/[root-of-the-server]__0pkvhx_._.js:1:20268)
              at async Module.w [as handler] (payload-office-platform/.next/server/chunks/[root-of-the-server]__0pkvhx_._.js:1:21375)
              at async NextNodeServer.renderToResponseWithComponentsImpl (payload-office-platform/node_modules/.pnpm/next@16.2.10_@babel+core@7.29.7_@playwright+test@1.61.1_react-dom@19.2.0_react@19.2.0/node_modules/next/dist/server/base-server.js:1462:9)
              at async NextNodeServer.renderPageComponent (payload-office-platform/node_modules/.pnpm/next@16.2.10_@babel+core@7.29.7_@playwright+test@1.61.1_react-dom@19.2.0_react@19.2.0/node_modules/next/dist/server/base-server.js:1514:24)
              at async NextNodeServer.renderToResponseImpl (payload-office-platform/node_modules/.pnpm/next@16.2.10_@babel+core@7.29.7_@playwright+test@1.61.1_react-dom@19.2.0_react@19.2.0/node_modules/next/dist/server/base-server.js:1564:32)
              at async NextNodeServer.pipeImpl (payload-office-platform/node_modules/.pnpm/next@16.2.10_@babel+core@7.29.7_@playwright+test@1.61.1_react-dom@19.2.0_react@19.2.0/node_modules/next/dist/server/base-server.js:1044:25)
              at async NextNodeServer.handleCatchallRenderRequest (payload-office-platform/node_modules/.pnpm/next@16.2.10_@babel+core@7.29.7_@playwright+test@1.61.1_react-dom@19.2.0_react@19.2.0/node_modules/next/dist/server/next-server.js:338:17)
              at async NextNodeServer.handleRequestImpl (payload-office-platform/node_modules/.pnpm/next@16.2.10_@babel+core@7.29.7_@playwright+test@1.61.1_react-dom@19.2.0_react@19.2.0/node_modules/next/dist/server/base-server.js:935:17)
              at async invokeRender (payload-office-platform/node_modules/.pnpm/next@16.2.10_@babel+core@7.29.7_@playwright+test@1.61.1_react-dom@19.2.0_react@19.2.0/node_modules/next/dist/server/lib/router-server.js:266:21)
              at async handleRequest (payload-office-platform/node_modules/.pnpm/next@16.2.10_@babel+core@7.29.7_@playwright+test@1.61.1_react-dom@19.2.0_react@19.2.0/node_modules/next/dist/server/lib/router-server.js:465:24)
              at async requestHandlerImpl (payload-office-platform/node_modules/.pnpm/next@16.2.10_@babel+core@7.29.7_@playwright+test@1.61.1_react-dom@19.2.0_react@19.2.0/node_modules/next/dist/server/lib/router-server.js:514:13)
              at async Server.requestListener (payload-office-platform/node_modules/.pnpm/next@16.2.10_@babel+core@7.29.7_@playwright+test@1.61.1_react-dom@19.2.0_react@19.2.0/node_modules/next/dist/server/lib/start-server.js:225:13)
      "data": null,
      "isOperational": true,
      "isPublic": true,
      "status": 403,
      "name": "o"
    }
[14:27:53] ERROR: 您无权执行此操作。
    err: {
      "type": "o",
      "message": "您无权执行此操作。",
      "stack":
          o: 您无权执行此操作。
              at N (payload-office-platform/.next/server/chunks/node_modules__pnpm_0_6pd12._.js:9:50835)
              at process.processTicksAndRejections (node:internal/process/task_queues:103:5)
              at async os (payload-office-platform/.next/server/chunks/node_modules__pnpm_0_6pd12._.js:128:46172)
              at async eR (payload-office-platform/.next/server/chunks/node_modules__pnpm_0_6pd12._.js:155:55581)
              at async h (payload-office-platform/.next/server/chunks/node_modules__pnpm_0lgz3ff._.js:1:18431)
              at async payload-office-platform/.next/server/chunks/node_modules__pnpm_0wwnffj._.js:1:8806
              at async rJ.do (payload-office-platform/node_modules/.pnpm/next@16.2.10_@babel+core@7.29.7_@playwright+test@1.61.1_react-dom@19.2.0_react@19.2.0/node_modules/next/dist/compiled/next-server/app-route-turbo.runtime.prod.js:5:20930)
              at async rJ.handle (payload-office-platform/node_modules/.pnpm/next@16.2.10_@babel+core@7.29.7_@playwright+test@1.61.1_react-dom@19.2.0_react@19.2.0/node_modules/next/dist/compiled/next-server/app-route-turbo.runtime.prod.js:5:25785)
              at async u (payload-office-platform/.next/server/chunks/[root-of-the-server]__0pkvhx_._.js:1:19227)
              at async rJ.handleResponse (payload-office-platform/node_modules/.pnpm/next@16.2.10_@babel+core@7.29.7_@playwright+test@1.61.1_react-dom@19.2.0_react@19.2.0/node_modules/next/dist/compiled/next-server/app-route-turbo.runtime.prod.js:1:119701)
              at async l (payload-office-platform/.next/server/chunks/[root-of-the-server]__0pkvhx_._.js:1:20268)
              at async Module.w [as handler] (payload-office-platform/.next/server/chunks/[root-of-the-server]__0pkvhx_._.js:1:21375)
              at async NextNodeServer.renderToResponseWithComponentsImpl (payload-office-platform/node_modules/.pnpm/next@16.2.10_@babel+core@7.29.7_@playwright+test@1.61.1_react-dom@19.2.0_react@19.2.0/node_modules/next/dist/server/base-server.js:1462:9)
              at async NextNodeServer.renderPageComponent (payload-office-platform/node_modules/.pnpm/next@16.2.10_@babel+core@7.29.7_@playwright+test@1.61.1_react-dom@19.2.0_react@19.2.0/node_modules/next/dist/server/base-server.js:1514:24)
              at async NextNodeServer.renderToResponseImpl (payload-office-platform/node_modules/.pnpm/next@16.2.10_@babel+core@7.29.7_@playwright+test@1.61.1_react-dom@19.2.0_react@19.2.0/node_modules/next/dist/server/base-server.js:1564:32)
              at async NextNodeServer.pipeImpl (payload-office-platform/node_modules/.pnpm/next@16.2.10_@babel+core@7.29.7_@playwright+test@1.61.1_react-dom@19.2.0_react@19.2.0/node_modules/next/dist/server/base-server.js:1044:25)
              at async NextNodeServer.handleCatchallRenderRequest (payload-office-platform/node_modules/.pnpm/next@16.2.10_@babel+core@7.29.7_@playwright+test@1.61.1_react-dom@19.2.0_react@19.2.0/node_modules/next/dist/server/next-server.js:338:17)
              at async NextNodeServer.handleRequestImpl (payload-office-platform/node_modules/.pnpm/next@16.2.10_@babel+core@7.29.7_@playwright+test@1.61.1_react-dom@19.2.0_react@19.2.0/node_modules/next/dist/server/base-server.js:935:17)
              at async invokeRender (payload-office-platform/node_modules/.pnpm/next@16.2.10_@babel+core@7.29.7_@playwright+test@1.61.1_react-dom@19.2.0_react@19.2.0/node_modules/next/dist/server/lib/router-server.js:266:21)
              at async handleRequest (payload-office-platform/node_modules/.pnpm/next@16.2.10_@babel+core@7.29.7_@playwright+test@1.61.1_react-dom@19.2.0_react@19.2.0/node_modules/next/dist/server/lib/router-server.js:465:24)
              at async requestHandlerImpl (payload-office-platform/node_modules/.pnpm/next@16.2.10_@babel+core@7.29.7_@playwright+test@1.61.1_react-dom@19.2.0_react@19.2.0/node_modules/next/dist/server/lib/router-server.js:514:13)
              at async Server.requestListener (payload-office-platform/node_modules/.pnpm/next@16.2.10_@babel+core@7.29.7_@playwright+test@1.61.1_react-dom@19.2.0_react@19.2.0/node_modules/next/dist/server/lib/start-server.js:225:13)
      "data": null,
      "isOperational": true,
      "isPublic": true,
      "status": 403,
      "name": "o"
    }
[14:27:53] ERROR: 您无权执行此操作。
    err: {
      "type": "o",
      "message": "您无权执行此操作。",
      "stack":
          o: 您无权执行此操作。
              at N (payload-office-platform/.next/server/chunks/node_modules__pnpm_0_6pd12._.js:9:50835)
              at process.processTicksAndRejections (node:internal/process/task_queues:103:5)
              at async os (payload-office-platform/.next/server/chunks/node_modules__pnpm_0_6pd12._.js:128:46172)
              at async eR (payload-office-platform/.next/server/chunks/node_modules__pnpm_0_6pd12._.js:155:55581)
              at async h (payload-office-platform/.next/server/chunks/node_modules__pnpm_0lgz3ff._.js:1:18431)
              at async payload-office-platform/.next/server/chunks/node_modules__pnpm_0wwnffj._.js:1:8806
              at async rJ.do (payload-office-platform/node_modules/.pnpm/next@16.2.10_@babel+core@7.29.7_@playwright+test@1.61.1_react-dom@19.2.0_react@19.2.0/node_modules/next/dist/compiled/next-server/app-route-turbo.runtime.prod.js:5:20930)
              at async rJ.handle (payload-office-platform/node_modules/.pnpm/next@16.2.10_@babel+core@7.29.7_@playwright+test@1.61.1_react-dom@19.2.0_react@19.2.0/node_modules/next/dist/compiled/next-server/app-route-turbo.runtime.prod.js:5:25785)
              at async u (payload-office-platform/.next/server/chunks/[root-of-the-server]__0pkvhx_._.js:1:19227)
              at async rJ.handleResponse (payload-office-platform/node_modules/.pnpm/next@16.2.10_@babel+core@7.29.7_@playwright+test@1.61.1_react-dom@19.2.0_react@19.2.0/node_modules/next/dist/compiled/next-server/app-route-turbo.runtime.prod.js:1:119701)
              at async l (payload-office-platform/.next/server/chunks/[root-of-the-server]__0pkvhx_._.js:1:20268)
              at async Module.w [as handler] (payload-office-platform/.next/server/chunks/[root-of-the-server]__0pkvhx_._.js:1:21375)
              at async NextNodeServer.renderToResponseWithComponentsImpl (payload-office-platform/node_modules/.pnpm/next@16.2.10_@babel+core@7.29.7_@playwright+test@1.61.1_react-dom@19.2.0_react@19.2.0/node_modules/next/dist/server/base-server.js:1462:9)
              at async NextNodeServer.renderPageComponent (payload-office-platform/node_modules/.pnpm/next@16.2.10_@babel+core@7.29.7_@playwright+test@1.61.1_react-dom@19.2.0_react@19.2.0/node_modules/next/dist/server/base-server.js:1514:24)
              at async NextNodeServer.renderToResponseImpl (payload-office-platform/node_modules/.pnpm/next@16.2.10_@babel+core@7.29.7_@playwright+test@1.61.1_react-dom@19.2.0_react@19.2.0/node_modules/next/dist/server/base-server.js:1564:32)
              at async NextNodeServer.pipeImpl (payload-office-platform/node_modules/.pnpm/next@16.2.10_@babel+core@7.29.7_@playwright+test@1.61.1_react-dom@19.2.0_react@19.2.0/node_modules/next/dist/server/base-server.js:1044:25)
              at async NextNodeServer.handleCatchallRenderRequest (payload-office-platform/node_modules/.pnpm/next@16.2.10_@babel+core@7.29.7_@playwright+test@1.61.1_react-dom@19.2.0_react@19.2.0/node_modules/next/dist/server/next-server.js:338:17)
              at async NextNodeServer.handleRequestImpl (payload-office-platform/node_modules/.pnpm/next@16.2.10_@babel+core@7.29.7_@playwright+test@1.61.1_react-dom@19.2.0_react@19.2.0/node_modules/next/dist/server/base-server.js:935:17)
              at async invokeRender (payload-office-platform/node_modules/.pnpm/next@16.2.10_@babel+core@7.29.7_@playwright+test@1.61.1_react-dom@19.2.0_react@19.2.0/node_modules/next/dist/server/lib/router-server.js:266:21)
              at async handleRequest (payload-office-platform/node_modules/.pnpm/next@16.2.10_@babel+core@7.29.7_@playwright+test@1.61.1_react-dom@19.2.0_react@19.2.0/node_modules/next/dist/server/lib/router-server.js:465:24)
              at async requestHandlerImpl (payload-office-platform/node_modules/.pnpm/next@16.2.10_@babel+core@7.29.7_@playwright+test@1.61.1_react-dom@19.2.0_react@19.2.0/node_modules/next/dist/server/lib/router-server.js:514:13)
              at async Server.requestListener (payload-office-platform/node_modules/.pnpm/next@16.2.10_@babel+core@7.29.7_@playwright+test@1.61.1_react-dom@19.2.0_react@19.2.0/node_modules/next/dist/server/lib/start-server.js:225:13)
      "data": null,
      "isOperational": true,
      "isPublic": true,
      "status": 403,
      "name": "o"
    }
[14:27:54] ERROR: 您无权执行此操作。
    err: {
      "type": "o",
      "message": "您无权执行此操作。",
      "stack":
          o: 您无权执行此操作。
              at N (payload-office-platform/.next/server/chunks/node_modules__pnpm_0_6pd12._.js:9:50835)
              at process.processTicksAndRejections (node:internal/process/task_queues:103:5)
              at async rk (payload-office-platform/.next/server/chunks/node_modules__pnpm_0_6pd12._.js:129:67125)
              at async tQ (payload-office-platform/.next/server/chunks/node_modules__pnpm_0_6pd12._.js:155:61732)
              at async h (payload-office-platform/.next/server/chunks/node_modules__pnpm_0lgz3ff._.js:1:18431)
              at async payload-office-platform/.next/server/chunks/node_modules__pnpm_0wwnffj._.js:1:8806
              at async rJ.do (payload-office-platform/node_modules/.pnpm/next@16.2.10_@babel+core@7.29.7_@playwright+test@1.61.1_react-dom@19.2.0_react@19.2.0/node_modules/next/dist/compiled/next-server/app-route-turbo.runtime.prod.js:5:20930)
              at async rJ.handle (payload-office-platform/node_modules/.pnpm/next@16.2.10_@babel+core@7.29.7_@playwright+test@1.61.1_react-dom@19.2.0_react@19.2.0/node_modules/next/dist/compiled/next-server/app-route-turbo.runtime.prod.js:5:25785)
              at async u (payload-office-platform/.next/server/chunks/[root-of-the-server]__0pkvhx_._.js:1:19227)
              at async rJ.handleResponse (payload-office-platform/node_modules/.pnpm/next@16.2.10_@babel+core@7.29.7_@playwright+test@1.61.1_react-dom@19.2.0_react@19.2.0/node_modules/next/dist/compiled/next-server/app-route-turbo.runtime.prod.js:1:119701)
              at async l (payload-office-platform/.next/server/chunks/[root-of-the-server]__0pkvhx_._.js:1:20268)
              at async Module.w [as handler] (payload-office-platform/.next/server/chunks/[root-of-the-server]__0pkvhx_._.js:1:21375)
              at async NextNodeServer.renderToResponseWithComponentsImpl (payload-office-platform/node_modules/.pnpm/next@16.2.10_@babel+core@7.29.7_@playwright+test@1.61.1_react-dom@19.2.0_react@19.2.0/node_modules/next/dist/server/base-server.js:1462:9)
              at async NextNodeServer.renderPageComponent (payload-office-platform/node_modules/.pnpm/next@16.2.10_@babel+core@7.29.7_@playwright+test@1.61.1_react-dom@19.2.0_react@19.2.0/node_modules/next/dist/server/base-server.js:1514:24)
              at async NextNodeServer.renderToResponseImpl (payload-office-platform/node_modules/.pnpm/next@16.2.10_@babel+core@7.29.7_@playwright+test@1.61.1_react-dom@19.2.0_react@19.2.0/node_modules/next/dist/server/base-server.js:1564:32)
              at async NextNodeServer.pipeImpl (payload-office-platform/node_modules/.pnpm/next@16.2.10_@babel+core@7.29.7_@playwright+test@1.61.1_react-dom@19.2.0_react@19.2.0/node_modules/next/dist/server/base-server.js:1044:25)
              at async NextNodeServer.handleCatchallRenderRequest (payload-office-platform/node_modules/.pnpm/next@16.2.10_@babel+core@7.29.7_@playwright+test@1.61.1_react-dom@19.2.0_react@19.2.0/node_modules/next/dist/server/next-server.js:338:17)
              at async NextNodeServer.handleRequestImpl (payload-office-platform/node_modules/.pnpm/next@16.2.10_@babel+core@7.29.7_@playwright+test@1.61.1_react-dom@19.2.0_react@19.2.0/node_modules/next/dist/server/base-server.js:935:17)
              at async invokeRender (payload-office-platform/node_modules/.pnpm/next@16.2.10_@babel+core@7.29.7_@playwright+test@1.61.1_react-dom@19.2.0_react@19.2.0/node_modules/next/dist/server/lib/router-server.js:266:21)
              at async handleRequest (payload-office-platform/node_modules/.pnpm/next@16.2.10_@babel+core@7.29.7_@playwright+test@1.61.1_react-dom@19.2.0_react@19.2.0/node_modules/next/dist/server/lib/router-server.js:465:24)
              at async requestHandlerImpl (payload-office-platform/node_modules/.pnpm/next@16.2.10_@babel+core@7.29.7_@playwright+test@1.61.1_react-dom@19.2.0_react@19.2.0/node_modules/next/dist/server/lib/router-server.js:514:13)
              at async Server.requestListener (payload-office-platform/node_modules/.pnpm/next@16.2.10_@babel+core@7.29.7_@playwright+test@1.61.1_react-dom@19.2.0_react@19.2.0/node_modules/next/dist/server/lib/start-server.js:225:13)
      "data": null,
      "isOperational": true,
      "isPublic": true,
      "status": 403,
      "name": "o"
    }
[14:27:54] ERROR: 您无权执行此操作。
    err: {
      "type": "o",
      "message": "您无权执行此操作。",
      "stack":
          o: 您无权执行此操作。
              at N (payload-office-platform/.next/server/chunks/node_modules__pnpm_0_6pd12._.js:9:50835)
              at process.processTicksAndRejections (node:internal/process/task_queues:103:5)
              at async rk (payload-office-platform/.next/server/chunks/node_modules__pnpm_0_6pd12._.js:129:67125)
              at async tQ (payload-office-platform/.next/server/chunks/node_modules__pnpm_0_6pd12._.js:155:61732)
              at async h (payload-office-platform/.next/server/chunks/node_modules__pnpm_0lgz3ff._.js:1:18431)
              at async payload-office-platform/.next/server/chunks/node_modules__pnpm_0wwnffj._.js:1:8806
              at async rJ.do (payload-office-platform/node_modules/.pnpm/next@16.2.10_@babel+core@7.29.7_@playwright+test@1.61.1_react-dom@19.2.0_react@19.2.0/node_modules/next/dist/compiled/next-server/app-route-turbo.runtime.prod.js:5:20930)
              at async rJ.handle (payload-office-platform/node_modules/.pnpm/next@16.2.10_@babel+core@7.29.7_@playwright+test@1.61.1_react-dom@19.2.0_react@19.2.0/node_modules/next/dist/compiled/next-server/app-route-turbo.runtime.prod.js:5:25785)
              at async u (payload-office-platform/.next/server/chunks/[root-of-the-server]__0pkvhx_._.js:1:19227)
              at async rJ.handleResponse (payload-office-platform/node_modules/.pnpm/next@16.2.10_@babel+core@7.29.7_@playwright+test@1.61.1_react-dom@19.2.0_react@19.2.0/node_modules/next/dist/compiled/next-server/app-route-turbo.runtime.prod.js:1:119701)
              at async l (payload-office-platform/.next/server/chunks/[root-of-the-server]__0pkvhx_._.js:1:20268)
              at async Module.w [as handler] (payload-office-platform/.next/server/chunks/[root-of-the-server]__0pkvhx_._.js:1:21375)
              at async NextNodeServer.renderToResponseWithComponentsImpl (payload-office-platform/node_modules/.pnpm/next@16.2.10_@babel+core@7.29.7_@playwright+test@1.61.1_react-dom@19.2.0_react@19.2.0/node_modules/next/dist/server/base-server.js:1462:9)
              at async NextNodeServer.renderPageComponent (payload-office-platform/node_modules/.pnpm/next@16.2.10_@babel+core@7.29.7_@playwright+test@1.61.1_react-dom@19.2.0_react@19.2.0/node_modules/next/dist/server/base-server.js:1514:24)
              at async NextNodeServer.renderToResponseImpl (payload-office-platform/node_modules/.pnpm/next@16.2.10_@babel+core@7.29.7_@playwright+test@1.61.1_react-dom@19.2.0_react@19.2.0/node_modules/next/dist/server/base-server.js:1564:32)
              at async NextNodeServer.pipeImpl (payload-office-platform/node_modules/.pnpm/next@16.2.10_@babel+core@7.29.7_@playwright+test@1.61.1_react-dom@19.2.0_react@19.2.0/node_modules/next/dist/server/base-server.js:1044:25)
              at async NextNodeServer.handleCatchallRenderRequest (payload-office-platform/node_modules/.pnpm/next@16.2.10_@babel+core@7.29.7_@playwright+test@1.61.1_react-dom@19.2.0_react@19.2.0/node_modules/next/dist/server/next-server.js:338:17)
              at async NextNodeServer.handleRequestImpl (payload-office-platform/node_modules/.pnpm/next@16.2.10_@babel+core@7.29.7_@playwright+test@1.61.1_react-dom@19.2.0_react@19.2.0/node_modules/next/dist/server/base-server.js:935:17)
              at async invokeRender (payload-office-platform/node_modules/.pnpm/next@16.2.10_@babel+core@7.29.7_@playwright+test@1.61.1_react-dom@19.2.0_react@19.2.0/node_modules/next/dist/server/lib/router-server.js:266:21)
              at async handleRequest (payload-office-platform/node_modules/.pnpm/next@16.2.10_@babel+core@7.29.7_@playwright+test@1.61.1_react-dom@19.2.0_react@19.2.0/node_modules/next/dist/server/lib/router-server.js:465:24)
              at async requestHandlerImpl (payload-office-platform/node_modules/.pnpm/next@16.2.10_@babel+core@7.29.7_@playwright+test@1.61.1_react-dom@19.2.0_react@19.2.0/node_modules/next/dist/server/lib/router-server.js:514:13)
              at async Server.requestListener (payload-office-platform/node_modules/.pnpm/next@16.2.10_@babel+core@7.29.7_@playwright+test@1.61.1_react-dom@19.2.0_react@19.2.0/node_modules/next/dist/server/lib/start-server.js:225:13)
      "data": null,
      "isOperational": true,
      "isPublic": true,
      "status": 403,
      "name": "o"
    }
[14:27:54] ERROR: 您无权执行此操作。
    err: {
      "type": "o",
      "message": "您无权执行此操作。",
      "stack":
          o: 您无权执行此操作。
              at N (payload-office-platform/.next/server/chunks/node_modules__pnpm_0_6pd12._.js:9:50835)
              at process.processTicksAndRejections (node:internal/process/task_queues:103:5)
              at async rk (payload-office-platform/.next/server/chunks/node_modules__pnpm_0_6pd12._.js:129:67125)
              at async tQ (payload-office-platform/.next/server/chunks/node_modules__pnpm_0_6pd12._.js:155:61732)
              at async h (payload-office-platform/.next/server/chunks/node_modules__pnpm_0lgz3ff._.js:1:18431)
              at async payload-office-platform/.next/server/chunks/node_modules__pnpm_0wwnffj._.js:1:8806
              at async rJ.do (payload-office-platform/node_modules/.pnpm/next@16.2.10_@babel+core@7.29.7_@playwright+test@1.61.1_react-dom@19.2.0_react@19.2.0/node_modules/next/dist/compiled/next-server/app-route-turbo.runtime.prod.js:5:20930)
              at async rJ.handle (payload-office-platform/node_modules/.pnpm/next@16.2.10_@babel+core@7.29.7_@playwright+test@1.61.1_react-dom@19.2.0_react@19.2.0/node_modules/next/dist/compiled/next-server/app-route-turbo.runtime.prod.js:5:25785)
              at async u (payload-office-platform/.next/server/chunks/[root-of-the-server]__0pkvhx_._.js:1:19227)
              at async rJ.handleResponse (payload-office-platform/node_modules/.pnpm/next@16.2.10_@babel+core@7.29.7_@playwright+test@1.61.1_react-dom@19.2.0_react@19.2.0/node_modules/next/dist/compiled/next-server/app-route-turbo.runtime.prod.js:1:119701)
              at async l (payload-office-platform/.next/server/chunks/[root-of-the-server]__0pkvhx_._.js:1:20268)
              at async Module.w [as handler] (payload-office-platform/.next/server/chunks/[root-of-the-server]__0pkvhx_._.js:1:21375)
              at async NextNodeServer.renderToResponseWithComponentsImpl (payload-office-platform/node_modules/.pnpm/next@16.2.10_@babel+core@7.29.7_@playwright+test@1.61.1_react-dom@19.2.0_react@19.2.0/node_modules/next/dist/server/base-server.js:1462:9)
              at async NextNodeServer.renderPageComponent (payload-office-platform/node_modules/.pnpm/next@16.2.10_@babel+core@7.29.7_@playwright+test@1.61.1_react-dom@19.2.0_react@19.2.0/node_modules/next/dist/server/base-server.js:1514:24)
              at async NextNodeServer.renderToResponseImpl (payload-office-platform/node_modules/.pnpm/next@16.2.10_@babel+core@7.29.7_@playwright+test@1.61.1_react-dom@19.2.0_react@19.2.0/node_modules/next/dist/server/base-server.js:1564:32)
              at async NextNodeServer.pipeImpl (payload-office-platform/node_modules/.pnpm/next@16.2.10_@babel+core@7.29.7_@playwright+test@1.61.1_react-dom@19.2.0_react@19.2.0/node_modules/next/dist/server/base-server.js:1044:25)
              at async NextNodeServer.handleCatchallRenderRequest (payload-office-platform/node_modules/.pnpm/next@16.2.10_@babel+core@7.29.7_@playwright+test@1.61.1_react-dom@19.2.0_react@19.2.0/node_modules/next/dist/server/next-server.js:338:17)
              at async NextNodeServer.handleRequestImpl (payload-office-platform/node_modules/.pnpm/next@16.2.10_@babel+core@7.29.7_@playwright+test@1.61.1_react-dom@19.2.0_react@19.2.0/node_modules/next/dist/server/base-server.js:935:17)
              at async invokeRender (payload-office-platform/node_modules/.pnpm/next@16.2.10_@babel+core@7.29.7_@playwright+test@1.61.1_react-dom@19.2.0_react@19.2.0/node_modules/next/dist/server/lib/router-server.js:266:21)
              at async handleRequest (payload-office-platform/node_modules/.pnpm/next@16.2.10_@babel+core@7.29.7_@playwright+test@1.61.1_react-dom@19.2.0_react@19.2.0/node_modules/next/dist/server/lib/router-server.js:465:24)
              at async requestHandlerImpl (payload-office-platform/node_modules/.pnpm/next@16.2.10_@babel+core@7.29.7_@playwright+test@1.61.1_react-dom@19.2.0_react@19.2.0/node_modules/next/dist/server/lib/router-server.js:514:13)
              at async Server.requestListener (payload-office-platform/node_modules/.pnpm/next@16.2.10_@babel+core@7.29.7_@playwright+test@1.61.1_react-dom@19.2.0_react@19.2.0/node_modules/next/dist/server/lib/start-server.js:225:13)
      "data": null,
      "isOperational": true,
      "isPublic": true,
      "status": 403,
      "name": "o"
    }
[14:27:54] ERROR: 您无权执行此操作。
    err: {
      "type": "o",
      "message": "您无权执行此操作。",
      "stack":
          o: 您无权执行此操作。
              at N (payload-office-platform/.next/server/chunks/node_modules__pnpm_0_6pd12._.js:9:50835)
              at process.processTicksAndRejections (node:internal/process/task_queues:103:5)
              at async rk (payload-office-platform/.next/server/chunks/node_modules__pnpm_0_6pd12._.js:129:67125)
              at async tQ (payload-office-platform/.next/server/chunks/node_modules__pnpm_0_6pd12._.js:155:61732)
              at async h (payload-office-platform/.next/server/chunks/node_modules__pnpm_0lgz3ff._.js:1:18431)
              at async payload-office-platform/.next/server/chunks/node_modules__pnpm_0wwnffj._.js:1:8806
              at async rJ.do (payload-office-platform/node_modules/.pnpm/next@16.2.10_@babel+core@7.29.7_@playwright+test@1.61.1_react-dom@19.2.0_react@19.2.0/node_modules/next/dist/compiled/next-server/app-route-turbo.runtime.prod.js:5:20930)
              at async rJ.handle (payload-office-platform/node_modules/.pnpm/next@16.2.10_@babel+core@7.29.7_@playwright+test@1.61.1_react-dom@19.2.0_react@19.2.0/node_modules/next/dist/compiled/next-server/app-route-turbo.runtime.prod.js:5:25785)
              at async u (payload-office-platform/.next/server/chunks/[root-of-the-server]__0pkvhx_._.js:1:19227)
              at async rJ.handleResponse (payload-office-platform/node_modules/.pnpm/next@16.2.10_@babel+core@7.29.7_@playwright+test@1.61.1_react-dom@19.2.0_react@19.2.0/node_modules/next/dist/compiled/next-server/app-route-turbo.runtime.prod.js:1:119701)
              at async l (payload-office-platform/.next/server/chunks/[root-of-the-server]__0pkvhx_._.js:1:20268)
              at async Module.w [as handler] (payload-office-platform/.next/server/chunks/[root-of-the-server]__0pkvhx_._.js:1:21375)
              at async NextNodeServer.renderToResponseWithComponentsImpl (payload-office-platform/node_modules/.pnpm/next@16.2.10_@babel+core@7.29.7_@playwright+test@1.61.1_react-dom@19.2.0_react@19.2.0/node_modules/next/dist/server/base-server.js:1462:9)
              at async NextNodeServer.renderPageComponent (payload-office-platform/node_modules/.pnpm/next@16.2.10_@babel+core@7.29.7_@playwright+test@1.61.1_react-dom@19.2.0_react@19.2.0/node_modules/next/dist/server/base-server.js:1514:24)
              at async NextNodeServer.renderToResponseImpl (payload-office-platform/node_modules/.pnpm/next@16.2.10_@babel+core@7.29.7_@playwright+test@1.61.1_react-dom@19.2.0_react@19.2.0/node_modules/next/dist/server/base-server.js:1564:32)
              at async NextNodeServer.pipeImpl (payload-office-platform/node_modules/.pnpm/next@16.2.10_@babel+core@7.29.7_@playwright+test@1.61.1_react-dom@19.2.0_react@19.2.0/node_modules/next/dist/server/base-server.js:1044:25)
              at async NextNodeServer.handleCatchallRenderRequest (payload-office-platform/node_modules/.pnpm/next@16.2.10_@babel+core@7.29.7_@playwright+test@1.61.1_react-dom@19.2.0_react@19.2.0/node_modules/next/dist/server/next-server.js:338:17)
              at async NextNodeServer.handleRequestImpl (payload-office-platform/node_modules/.pnpm/next@16.2.10_@babel+core@7.29.7_@playwright+test@1.61.1_react-dom@19.2.0_react@19.2.0/node_modules/next/dist/server/base-server.js:935:17)
              at async invokeRender (payload-office-platform/node_modules/.pnpm/next@16.2.10_@babel+core@7.29.7_@playwright+test@1.61.1_react-dom@19.2.0_react@19.2.0/node_modules/next/dist/server/lib/router-server.js:266:21)
              at async handleRequest (payload-office-platform/node_modules/.pnpm/next@16.2.10_@babel+core@7.29.7_@playwright+test@1.61.1_react-dom@19.2.0_react@19.2.0/node_modules/next/dist/server/lib/router-server.js:465:24)
              at async requestHandlerImpl (payload-office-platform/node_modules/.pnpm/next@16.2.10_@babel+core@7.29.7_@playwright+test@1.61.1_react-dom@19.2.0_react@19.2.0/node_modules/next/dist/server/lib/router-server.js:514:13)
              at async Server.requestListener (payload-office-platform/node_modules/.pnpm/next@16.2.10_@babel+core@7.29.7_@playwright+test@1.61.1_react-dom@19.2.0_react@19.2.0/node_modules/next/dist/server/lib/start-server.js:225:13)
      "data": null,
      "isOperational": true,
      "isPublic": true,
      "status": 403,
      "name": "o"
    }
[14:27:55] ERROR: 您无权执行此操作。
    err: {
      "type": "o",
      "message": "您无权执行此操作。",
      "stack":
          o: 您无权执行此操作。
              at N (payload-office-platform/.next/server/chunks/node_modules__pnpm_0_6pd12._.js:9:50835)
              at process.processTicksAndRejections (node:internal/process/task_queues:103:5)
              at async rk (payload-office-platform/.next/server/chunks/node_modules__pnpm_0_6pd12._.js:129:67125)
              at async tQ (payload-office-platform/.next/server/chunks/node_modules__pnpm_0_6pd12._.js:155:61732)
              at async h (payload-office-platform/.next/server/chunks/node_modules__pnpm_0lgz3ff._.js:1:18431)
              at async payload-office-platform/.next/server/chunks/node_modules__pnpm_0wwnffj._.js:1:8806
              at async rJ.do (payload-office-platform/node_modules/.pnpm/next@16.2.10_@babel+core@7.29.7_@playwright+test@1.61.1_react-dom@19.2.0_react@19.2.0/node_modules/next/dist/compiled/next-server/app-route-turbo.runtime.prod.js:5:20930)
              at async rJ.handle (payload-office-platform/node_modules/.pnpm/next@16.2.10_@babel+core@7.29.7_@playwright+test@1.61.1_react-dom@19.2.0_react@19.2.0/node_modules/next/dist/compiled/next-server/app-route-turbo.runtime.prod.js:5:25785)
              at async u (payload-office-platform/.next/server/chunks/[root-of-the-server]__0pkvhx_._.js:1:19227)
              at async rJ.handleResponse (payload-office-platform/node_modules/.pnpm/next@16.2.10_@babel+core@7.29.7_@playwright+test@1.61.1_react-dom@19.2.0_react@19.2.0/node_modules/next/dist/compiled/next-server/app-route-turbo.runtime.prod.js:1:119701)
              at async l (payload-office-platform/.next/server/chunks/[root-of-the-server]__0pkvhx_._.js:1:20268)
              at async Module.w [as handler] (payload-office-platform/.next/server/chunks/[root-of-the-server]__0pkvhx_._.js:1:21375)
              at async NextNodeServer.renderToResponseWithComponentsImpl (payload-office-platform/node_modules/.pnpm/next@16.2.10_@babel+core@7.29.7_@playwright+test@1.61.1_react-dom@19.2.0_react@19.2.0/node_modules/next/dist/server/base-server.js:1462:9)
              at async NextNodeServer.renderPageComponent (payload-office-platform/node_modules/.pnpm/next@16.2.10_@babel+core@7.29.7_@playwright+test@1.61.1_react-dom@19.2.0_react@19.2.0/node_modules/next/dist/server/base-server.js:1514:24)
              at async NextNodeServer.renderToResponseImpl (payload-office-platform/node_modules/.pnpm/next@16.2.10_@babel+core@7.29.7_@playwright+test@1.61.1_react-dom@19.2.0_react@19.2.0/node_modules/next/dist/server/base-server.js:1564:32)
              at async NextNodeServer.pipeImpl (payload-office-platform/node_modules/.pnpm/next@16.2.10_@babel+core@7.29.7_@playwright+test@1.61.1_react-dom@19.2.0_react@19.2.0/node_modules/next/dist/server/base-server.js:1044:25)
              at async NextNodeServer.handleCatchallRenderRequest (payload-office-platform/node_modules/.pnpm/next@16.2.10_@babel+core@7.29.7_@playwright+test@1.61.1_react-dom@19.2.0_react@19.2.0/node_modules/next/dist/server/next-server.js:338:17)
              at async NextNodeServer.handleRequestImpl (payload-office-platform/node_modules/.pnpm/next@16.2.10_@babel+core@7.29.7_@playwright+test@1.61.1_react-dom@19.2.0_react@19.2.0/node_modules/next/dist/server/base-server.js:935:17)
              at async invokeRender (payload-office-platform/node_modules/.pnpm/next@16.2.10_@babel+core@7.29.7_@playwright+test@1.61.1_react-dom@19.2.0_react@19.2.0/node_modules/next/dist/server/lib/router-server.js:266:21)
              at async handleRequest (payload-office-platform/node_modules/.pnpm/next@16.2.10_@babel+core@7.29.7_@playwright+test@1.61.1_react-dom@19.2.0_react@19.2.0/node_modules/next/dist/server/lib/router-server.js:465:24)
              at async requestHandlerImpl (payload-office-platform/node_modules/.pnpm/next@16.2.10_@babel+core@7.29.7_@playwright+test@1.61.1_react-dom@19.2.0_react@19.2.0/node_modules/next/dist/server/lib/router-server.js:514:13)
              at async Server.requestListener (payload-office-platform/node_modules/.pnpm/next@16.2.10_@babel+core@7.29.7_@playwright+test@1.61.1_react-dom@19.2.0_react@19.2.0/node_modules/next/dist/server/lib/start-server.js:225:13)
      "data": null,
      "isOperational": true,
      "isPublic": true,
      "status": 403,
      "name": "o"
    }
[14:27:55] ERROR: 您无权执行此操作。
    err: {
      "type": "o",
      "message": "您无权执行此操作。",
      "stack":
          o: 您无权执行此操作。
              at N (payload-office-platform/.next/server/chunks/node_modules__pnpm_0_6pd12._.js:9:50835)
              at process.processTicksAndRejections (node:internal/process/task_queues:103:5)
              at async rk (payload-office-platform/.next/server/chunks/node_modules__pnpm_0_6pd12._.js:129:67125)
              at async tQ (payload-office-platform/.next/server/chunks/node_modules__pnpm_0_6pd12._.js:155:61732)
              at async h (payload-office-platform/.next/server/chunks/node_modules__pnpm_0lgz3ff._.js:1:18431)
              at async payload-office-platform/.next/server/chunks/node_modules__pnpm_0wwnffj._.js:1:8806
              at async rJ.do (payload-office-platform/node_modules/.pnpm/next@16.2.10_@babel+core@7.29.7_@playwright+test@1.61.1_react-dom@19.2.0_react@19.2.0/node_modules/next/dist/compiled/next-server/app-route-turbo.runtime.prod.js:5:20930)
              at async rJ.handle (payload-office-platform/node_modules/.pnpm/next@16.2.10_@babel+core@7.29.7_@playwright+test@1.61.1_react-dom@19.2.0_react@19.2.0/node_modules/next/dist/compiled/next-server/app-route-turbo.runtime.prod.js:5:25785)
              at async u (payload-office-platform/.next/server/chunks/[root-of-the-server]__0pkvhx_._.js:1:19227)
              at async rJ.handleResponse (payload-office-platform/node_modules/.pnpm/next@16.2.10_@babel+core@7.29.7_@playwright+test@1.61.1_react-dom@19.2.0_react@19.2.0/node_modules/next/dist/compiled/next-server/app-route-turbo.runtime.prod.js:1:119701)
              at async l (payload-office-platform/.next/server/chunks/[root-of-the-server]__0pkvhx_._.js:1:20268)
              at async Module.w [as handler] (payload-office-platform/.next/server/chunks/[root-of-the-server]__0pkvhx_._.js:1:21375)
              at async NextNodeServer.renderToResponseWithComponentsImpl (payload-office-platform/node_modules/.pnpm/next@16.2.10_@babel+core@7.29.7_@playwright+test@1.61.1_react-dom@19.2.0_react@19.2.0/node_modules/next/dist/server/base-server.js:1462:9)
              at async NextNodeServer.renderPageComponent (payload-office-platform/node_modules/.pnpm/next@16.2.10_@babel+core@7.29.7_@playwright+test@1.61.1_react-dom@19.2.0_react@19.2.0/node_modules/next/dist/server/base-server.js:1514:24)
              at async NextNodeServer.renderToResponseImpl (payload-office-platform/node_modules/.pnpm/next@16.2.10_@babel+core@7.29.7_@playwright+test@1.61.1_react-dom@19.2.0_react@19.2.0/node_modules/next/dist/server/base-server.js:1564:32)
              at async NextNodeServer.pipeImpl (payload-office-platform/node_modules/.pnpm/next@16.2.10_@babel+core@7.29.7_@playwright+test@1.61.1_react-dom@19.2.0_react@19.2.0/node_modules/next/dist/server/base-server.js:1044:25)
              at async NextNodeServer.handleCatchallRenderRequest (payload-office-platform/node_modules/.pnpm/next@16.2.10_@babel+core@7.29.7_@playwright+test@1.61.1_react-dom@19.2.0_react@19.2.0/node_modules/next/dist/server/next-server.js:338:17)
              at async NextNodeServer.handleRequestImpl (payload-office-platform/node_modules/.pnpm/next@16.2.10_@babel+core@7.29.7_@playwright+test@1.61.1_react-dom@19.2.0_react@19.2.0/node_modules/next/dist/server/base-server.js:935:17)
              at async invokeRender (payload-office-platform/node_modules/.pnpm/next@16.2.10_@babel+core@7.29.7_@playwright+test@1.61.1_react-dom@19.2.0_react@19.2.0/node_modules/next/dist/server/lib/router-server.js:266:21)
              at async handleRequest (payload-office-platform/node_modules/.pnpm/next@16.2.10_@babel+core@7.29.7_@playwright+test@1.61.1_react-dom@19.2.0_react@19.2.0/node_modules/next/dist/server/lib/router-server.js:465:24)
              at async requestHandlerImpl (payload-office-platform/node_modules/.pnpm/next@16.2.10_@babel+core@7.29.7_@playwright+test@1.61.1_react-dom@19.2.0_react@19.2.0/node_modules/next/dist/server/lib/router-server.js:514:13)
              at async Server.requestListener (payload-office-platform/node_modules/.pnpm/next@16.2.10_@babel+core@7.29.7_@playwright+test@1.61.1_react-dom@19.2.0_react@19.2.0/node_modules/next/dist/server/lib/start-server.js:225:13)
      "data": null,
      "isOperational": true,
      "isPublic": true,
      "status": 403,
      "name": "o"
    }
[14:27:55] ERROR: 您无权执行此操作。
    err: {
      "type": "o",
      "message": "您无权执行此操作。",
      "stack":
          o: 您无权执行此操作。
              at N (payload-office-platform/.next/server/chunks/node_modules__pnpm_0_6pd12._.js:9:50835)
              at process.processTicksAndRejections (node:internal/process/task_queues:103:5)
              at async os (payload-office-platform/.next/server/chunks/node_modules__pnpm_0_6pd12._.js:128:46172)
              at async eR (payload-office-platform/.next/server/chunks/node_modules__pnpm_0_6pd12._.js:155:55581)
              at async h (payload-office-platform/.next/server/chunks/node_modules__pnpm_0lgz3ff._.js:1:18431)
              at async payload-office-platform/.next/server/chunks/node_modules__pnpm_0wwnffj._.js:1:8806
              at async rJ.do (payload-office-platform/node_modules/.pnpm/next@16.2.10_@babel+core@7.29.7_@playwright+test@1.61.1_react-dom@19.2.0_react@19.2.0/node_modules/next/dist/compiled/next-server/app-route-turbo.runtime.prod.js:5:20930)
              at async rJ.handle (payload-office-platform/node_modules/.pnpm/next@16.2.10_@babel+core@7.29.7_@playwright+test@1.61.1_react-dom@19.2.0_react@19.2.0/node_modules/next/dist/compiled/next-server/app-route-turbo.runtime.prod.js:5:25785)
              at async u (payload-office-platform/.next/server/chunks/[root-of-the-server]__0pkvhx_._.js:1:19227)
              at async rJ.handleResponse (payload-office-platform/node_modules/.pnpm/next@16.2.10_@babel+core@7.29.7_@playwright+test@1.61.1_react-dom@19.2.0_react@19.2.0/node_modules/next/dist/compiled/next-server/app-route-turbo.runtime.prod.js:1:119701)
              at async l (payload-office-platform/.next/server/chunks/[root-of-the-server]__0pkvhx_._.js:1:20268)
              at async Module.w [as handler] (payload-office-platform/.next/server/chunks/[root-of-the-server]__0pkvhx_._.js:1:21375)
              at async NextNodeServer.renderToResponseWithComponentsImpl (payload-office-platform/node_modules/.pnpm/next@16.2.10_@babel+core@7.29.7_@playwright+test@1.61.1_react-dom@19.2.0_react@19.2.0/node_modules/next/dist/server/base-server.js:1462:9)
              at async NextNodeServer.renderPageComponent (payload-office-platform/node_modules/.pnpm/next@16.2.10_@babel+core@7.29.7_@playwright+test@1.61.1_react-dom@19.2.0_react@19.2.0/node_modules/next/dist/server/base-server.js:1514:24)
              at async NextNodeServer.renderToResponseImpl (payload-office-platform/node_modules/.pnpm/next@16.2.10_@babel+core@7.29.7_@playwright+test@1.61.1_react-dom@19.2.0_react@19.2.0/node_modules/next/dist/server/base-server.js:1564:32)
              at async NextNodeServer.pipeImpl (payload-office-platform/node_modules/.pnpm/next@16.2.10_@babel+core@7.29.7_@playwright+test@1.61.1_react-dom@19.2.0_react@19.2.0/node_modules/next/dist/server/base-server.js:1044:25)
              at async NextNodeServer.handleCatchallRenderRequest (payload-office-platform/node_modules/.pnpm/next@16.2.10_@babel+core@7.29.7_@playwright+test@1.61.1_react-dom@19.2.0_react@19.2.0/node_modules/next/dist/server/next-server.js:338:17)
              at async NextNodeServer.handleRequestImpl (payload-office-platform/node_modules/.pnpm/next@16.2.10_@babel+core@7.29.7_@playwright+test@1.61.1_react-dom@19.2.0_react@19.2.0/node_modules/next/dist/server/base-server.js:935:17)
              at async invokeRender (payload-office-platform/node_modules/.pnpm/next@16.2.10_@babel+core@7.29.7_@playwright+test@1.61.1_react-dom@19.2.0_react@19.2.0/node_modules/next/dist/server/lib/router-server.js:266:21)
              at async handleRequest (payload-office-platform/node_modules/.pnpm/next@16.2.10_@babel+core@7.29.7_@playwright+test@1.61.1_react-dom@19.2.0_react@19.2.0/node_modules/next/dist/server/lib/router-server.js:465:24)
              at async requestHandlerImpl (payload-office-platform/node_modules/.pnpm/next@16.2.10_@babel+core@7.29.7_@playwright+test@1.61.1_react-dom@19.2.0_react@19.2.0/node_modules/next/dist/server/lib/router-server.js:514:13)
              at async Server.requestListener (payload-office-platform/node_modules/.pnpm/next@16.2.10_@babel+core@7.29.7_@playwright+test@1.61.1_react-dom@19.2.0_react@19.2.0/node_modules/next/dist/server/lib/start-server.js:225:13)
      "data": null,
      "isOperational": true,
      "isPublic": true,
      "status": 403,
      "name": "o"
    }
[14:27:56] ERROR: 您无权执行此操作。
    err: {
      "type": "o",
      "message": "您无权执行此操作。",
      "stack":
          o: 您无权执行此操作。
              at N (payload-office-platform/.next/server/chunks/node_modules__pnpm_0_6pd12._.js:9:50835)
              at process.processTicksAndRejections (node:internal/process/task_queues:103:5)
              at async os (payload-office-platform/.next/server/chunks/node_modules__pnpm_0_6pd12._.js:128:46172)
              at async eR (payload-office-platform/.next/server/chunks/node_modules__pnpm_0_6pd12._.js:155:55581)
              at async h (payload-office-platform/.next/server/chunks/node_modules__pnpm_0lgz3ff._.js:1:18431)
              at async payload-office-platform/.next/server/chunks/node_modules__pnpm_0wwnffj._.js:1:8806
              at async rJ.do (payload-office-platform/node_modules/.pnpm/next@16.2.10_@babel+core@7.29.7_@playwright+test@1.61.1_react-dom@19.2.0_react@19.2.0/node_modules/next/dist/compiled/next-server/app-route-turbo.runtime.prod.js:5:20930)
              at async rJ.handle (payload-office-platform/node_modules/.pnpm/next@16.2.10_@babel+core@7.29.7_@playwright+test@1.61.1_react-dom@19.2.0_react@19.2.0/node_modules/next/dist/compiled/next-server/app-route-turbo.runtime.prod.js:5:25785)
              at async u (payload-office-platform/.next/server/chunks/[root-of-the-server]__0pkvhx_._.js:1:19227)
              at async rJ.handleResponse (payload-office-platform/node_modules/.pnpm/next@16.2.10_@babel+core@7.29.7_@playwright+test@1.61.1_react-dom@19.2.0_react@19.2.0/node_modules/next/dist/compiled/next-server/app-route-turbo.runtime.prod.js:1:119701)
              at async l (payload-office-platform/.next/server/chunks/[root-of-the-server]__0pkvhx_._.js:1:20268)
              at async Module.w [as handler] (payload-office-platform/.next/server/chunks/[root-of-the-server]__0pkvhx_._.js:1:21375)
              at async NextNodeServer.renderToResponseWithComponentsImpl (payload-office-platform/node_modules/.pnpm/next@16.2.10_@babel+core@7.29.7_@playwright+test@1.61.1_react-dom@19.2.0_react@19.2.0/node_modules/next/dist/server/base-server.js:1462:9)
              at async NextNodeServer.renderPageComponent (payload-office-platform/node_modules/.pnpm/next@16.2.10_@babel+core@7.29.7_@playwright+test@1.61.1_react-dom@19.2.0_react@19.2.0/node_modules/next/dist/server/base-server.js:1514:24)
              at async NextNodeServer.renderToResponseImpl (payload-office-platform/node_modules/.pnpm/next@16.2.10_@babel+core@7.29.7_@playwright+test@1.61.1_react-dom@19.2.0_react@19.2.0/node_modules/next/dist/server/base-server.js:1564:32)
              at async NextNodeServer.pipeImpl (payload-office-platform/node_modules/.pnpm/next@16.2.10_@babel+core@7.29.7_@playwright+test@1.61.1_react-dom@19.2.0_react@19.2.0/node_modules/next/dist/server/base-server.js:1044:25)
              at async NextNodeServer.handleCatchallRenderRequest (payload-office-platform/node_modules/.pnpm/next@16.2.10_@babel+core@7.29.7_@playwright+test@1.61.1_react-dom@19.2.0_react@19.2.0/node_modules/next/dist/server/next-server.js:338:17)
              at async NextNodeServer.handleRequestImpl (payload-office-platform/node_modules/.pnpm/next@16.2.10_@babel+core@7.29.7_@playwright+test@1.61.1_react-dom@19.2.0_react@19.2.0/node_modules/next/dist/server/base-server.js:935:17)
              at async invokeRender (payload-office-platform/node_modules/.pnpm/next@16.2.10_@babel+core@7.29.7_@playwright+test@1.61.1_react-dom@19.2.0_react@19.2.0/node_modules/next/dist/server/lib/router-server.js:266:21)
              at async handleRequest (payload-office-platform/node_modules/.pnpm/next@16.2.10_@babel+core@7.29.7_@playwright+test@1.61.1_react-dom@19.2.0_react@19.2.0/node_modules/next/dist/server/lib/router-server.js:465:24)
              at async requestHandlerImpl (payload-office-platform/node_modules/.pnpm/next@16.2.10_@babel+core@7.29.7_@playwright+test@1.61.1_react-dom@19.2.0_react@19.2.0/node_modules/next/dist/server/lib/router-server.js:514:13)
              at async Server.requestListener (payload-office-platform/node_modules/.pnpm/next@16.2.10_@babel+core@7.29.7_@playwright+test@1.61.1_react-dom@19.2.0_react@19.2.0/node_modules/next/dist/server/lib/start-server.js:225:13)
      "data": null,
      "isOperational": true,
      "isPublic": true,
      "status": 403,
      "name": "o"
    }
[14:27:56] ERROR: 您无权执行此操作。
    err: {
      "type": "o",
      "message": "您无权执行此操作。",
      "stack":
          o: 您无权执行此操作。
              at N (payload-office-platform/.next/server/chunks/node_modules__pnpm_0_6pd12._.js:9:50835)
              at process.processTicksAndRejections (node:internal/process/task_queues:103:5)
              at async os (payload-office-platform/.next/server/chunks/node_modules__pnpm_0_6pd12._.js:128:46172)
              at async eR (payload-office-platform/.next/server/chunks/node_modules__pnpm_0_6pd12._.js:155:55581)
              at async h (payload-office-platform/.next/server/chunks/node_modules__pnpm_0lgz3ff._.js:1:18431)
              at async payload-office-platform/.next/server/chunks/node_modules__pnpm_0wwnffj._.js:1:8806
              at async rJ.do (payload-office-platform/node_modules/.pnpm/next@16.2.10_@babel+core@7.29.7_@playwright+test@1.61.1_react-dom@19.2.0_react@19.2.0/node_modules/next/dist/compiled/next-server/app-route-turbo.runtime.prod.js:5:20930)
              at async rJ.handle (payload-office-platform/node_modules/.pnpm/next@16.2.10_@babel+core@7.29.7_@playwright+test@1.61.1_react-dom@19.2.0_react@19.2.0/node_modules/next/dist/compiled/next-server/app-route-turbo.runtime.prod.js:5:25785)
              at async u (payload-office-platform/.next/server/chunks/[root-of-the-server]__0pkvhx_._.js:1:19227)
              at async rJ.handleResponse (payload-office-platform/node_modules/.pnpm/next@16.2.10_@babel+core@7.29.7_@playwright+test@1.61.1_react-dom@19.2.0_react@19.2.0/node_modules/next/dist/compiled/next-server/app-route-turbo.runtime.prod.js:1:119701)
              at async l (payload-office-platform/.next/server/chunks/[root-of-the-server]__0pkvhx_._.js:1:20268)
              at async Module.w [as handler] (payload-office-platform/.next/server/chunks/[root-of-the-server]__0pkvhx_._.js:1:21375)
              at async NextNodeServer.renderToResponseWithComponentsImpl (payload-office-platform/node_modules/.pnpm/next@16.2.10_@babel+core@7.29.7_@playwright+test@1.61.1_react-dom@19.2.0_react@19.2.0/node_modules/next/dist/server/base-server.js:1462:9)
              at async NextNodeServer.renderPageComponent (payload-office-platform/node_modules/.pnpm/next@16.2.10_@babel+core@7.29.7_@playwright+test@1.61.1_react-dom@19.2.0_react@19.2.0/node_modules/next/dist/server/base-server.js:1514:24)
              at async NextNodeServer.renderToResponseImpl (payload-office-platform/node_modules/.pnpm/next@16.2.10_@babel+core@7.29.7_@playwright+test@1.61.1_react-dom@19.2.0_react@19.2.0/node_modules/next/dist/server/base-server.js:1564:32)
              at async NextNodeServer.pipeImpl (payload-office-platform/node_modules/.pnpm/next@16.2.10_@babel+core@7.29.7_@playwright+test@1.61.1_react-dom@19.2.0_react@19.2.0/node_modules/next/dist/server/base-server.js:1044:25)
              at async NextNodeServer.handleCatchallRenderRequest (payload-office-platform/node_modules/.pnpm/next@16.2.10_@babel+core@7.29.7_@playwright+test@1.61.1_react-dom@19.2.0_react@19.2.0/node_modules/next/dist/server/next-server.js:338:17)
              at async NextNodeServer.handleRequestImpl (payload-office-platform/node_modules/.pnpm/next@16.2.10_@babel+core@7.29.7_@playwright+test@1.61.1_react-dom@19.2.0_react@19.2.0/node_modules/next/dist/server/base-server.js:935:17)
              at async invokeRender (payload-office-platform/node_modules/.pnpm/next@16.2.10_@babel+core@7.29.7_@playwright+test@1.61.1_react-dom@19.2.0_react@19.2.0/node_modules/next/dist/server/lib/router-server.js:266:21)
              at async handleRequest (payload-office-platform/node_modules/.pnpm/next@16.2.10_@babel+core@7.29.7_@playwright+test@1.61.1_react-dom@19.2.0_react@19.2.0/node_modules/next/dist/server/lib/router-server.js:465:24)
              at async requestHandlerImpl (payload-office-platform/node_modules/.pnpm/next@16.2.10_@babel+core@7.29.7_@playwright+test@1.61.1_react-dom@19.2.0_react@19.2.0/node_modules/next/dist/server/lib/router-server.js:514:13)
              at async Server.requestListener (payload-office-platform/node_modules/.pnpm/next@16.2.10_@babel+core@7.29.7_@playwright+test@1.61.1_react-dom@19.2.0_react@19.2.0/node_modules/next/dist/server/lib/start-server.js:225:13)
      "data": null,
      "isOperational": true,
      "isPublic": true,
      "status": 403,
      "name": "o"
    }
[14:27:57] INFO: inquiry_success
    requestId: "entrust-00000000-0000-4000-8000-000000000001"
    pageType: "entrust"
    path: "/entrust"
    targetType: "none"
    targetSlug: null
    phoneMasked: "139****0001"
    consentPolicyVersion: "MVP-R2"
    idempotent: false
    fieldCompleteness: "required_only"
    campaignKeys: []
    errorCode: null
    durationMs: 29
    hasPriceSnapshot: false
    section: null
    targetResolution: "general"
[14:27:57] INFO: supply_submission_success
    requestId: "publish-00000000-0000-4000-8000-000000000001"
    areaBucket: "100-300"
    hasRent: false
    rentUnit: null
    commissionMonths: "none"
    sourcePath: "/publish"
    idempotent: false
    errorCode: null
    durationMs: 38
[14:28:00] ERROR: Error running task 1. Attempt 1
    job: {
      "id": 24,
      "input": {
        "eventId": "supply-submission-created:1"
      },
      "completedAt": null,
      "totalTried": 0,
      "hasError": false,
      "error": null,
      "log": [],
      "taskSlug": "notify-supply-submission-created",
      "queue": "supply-submission-notifications",
      "waitUntil": "2026-09-07T06:28:05.151Z",
      "processing": true,
      "meta": null,
      "updatedAt": "2026-09-07T06:28:00.110Z",
      "createdAt": "2026-09-07T06:27:57.912Z",
      "taskStatus": {}
    }
    taskSlug: "notify-supply-submission-created"
    err: {
      "type": "U",
      "message": "supply_submission_notification_delivery_failed",
      "stack":
          Error: supply_submission_notification_delivery_failed
              at Object.notify-supply-submission-created (payload-office-platform/.next/server/chunks/node_modules__pnpm_0_6pd12._.js:129:4771)
              at process.processTicksAndRejections (node:internal/process/task_queues:103:5)
              at async handler (payload-office-platform/.next/server/chunks/node_modules__pnpm_0_6pd12._.js:129:9780)
              at async Z (payload-office-platform/.next/server/chunks/node_modules__pnpm_0_6pd12._.js:129:5663)
              at async p (payload-office-platform/.next/server/chunks/node_modules__pnpm_0_6pd12._.js:129:10716)
              at async Promise.all (index 0)
              at async ee (payload-office-platform/.next/server/chunks/node_modules__pnpm_0_6pd12._.js:129:11427)
              at async Object.run (payload-office-platform/.next/server/chunks/node_modules__pnpm_11o3zr1._.js:8:5757)
              at async T.Cron.catch.logger.error.err [as fn] (payload-office-platform/.next/server/chunks/node_modules__pnpm_11o3zr1._.js:8:8113)
              at async y._trigger (payload-office-platform/.next/server/chunks/node_modules__pnpm_0_6pd12._.js:128:79201)
      "args": {
        "type": "Object",
        "message": "supply_submission_notification_delivery_failed",
        "stack":

        "executedAt": "2026-09-07T06:28:00.134Z",
        "input": {
          "eventId": "supply-submission-created:1"
        },
        "job": {
          "id": 24,
          "input": {
            "eventId": "supply-submission-created:1"
          },
          "completedAt": null,
          "totalTried": 0,
          "hasError": false,
          "error": null,
          "log": [],
          "taskSlug": "notify-supply-submission-created",
          "queue": "supply-submission-notifications",
          "waitUntil": "2026-09-07T06:28:05.151Z",
          "processing": true,
          "meta": null,
          "updatedAt": "2026-09-07T06:28:00.110Z",
          "createdAt": "2026-09-07T06:27:57.912Z",
          "taskStatus": {}
        },
        "output": {},
        "retriesConfig": {
          "attempts": 5,
          "backoff": {
            "type": "exponential",
            "delay": 5000
          }
        },
        "taskConfig": {
          "slug": "notify-supply-submission-created",
          "label": "投放申请通知",
          "inputSchema": [
            {
              "name": "eventId",
              "type": "text",
              "required": true
            }
          ],
          "outputSchema": [
            {
              "name": "delivered",
              "type": "number",
              "required": true
            }
          ],
          "retries": {
            "attempts": 5,
            "backoff": {
              "type": "exponential",
              "delay": 5000
            }
          }
        },
        "taskID": "1",
        "taskSlug": "notify-supply-submission-created",
        "taskStatus": null,
        "workflowConfig": {
          "slug": "singleTask"
        }
      }
    }
[14:28:01] ERROR: 提供的电子邮件或密码不正确。
    err: {
      "type": "I",
      "message": "提供的电子邮件或密码不正确。",
      "stack":
          I: 提供的电子邮件或密码不正确。
              at tA (payload-office-platform/.next/server/chunks/node_modules__pnpm_0_6pd12._.js:3:25821)
              at process.processTicksAndRejections (node:internal/process/task_queues:103:5)
              at async b (payload-office-platform/.next/server/chunks/node_modules__pnpm_0_6pd12._.js:155:29382)
              at async h (payload-office-platform/.next/server/chunks/node_modules__pnpm_0lgz3ff._.js:1:18431)
              at async payload-office-platform/.next/server/chunks/node_modules__pnpm_0wwnffj._.js:1:8806
              at async rJ.do (payload-office-platform/node_modules/.pnpm/next@16.2.10_@babel+core@7.29.7_@playwright+test@1.61.1_react-dom@19.2.0_react@19.2.0/node_modules/next/dist/compiled/next-server/app-route-turbo.runtime.prod.js:5:20930)
              at async rJ.handle (payload-office-platform/node_modules/.pnpm/next@16.2.10_@babel+core@7.29.7_@playwright+test@1.61.1_react-dom@19.2.0_react@19.2.0/node_modules/next/dist/compiled/next-server/app-route-turbo.runtime.prod.js:5:25785)
              at async u (payload-office-platform/.next/server/chunks/[root-of-the-server]__0pkvhx_._.js:1:19227)
              at async rJ.handleResponse (payload-office-platform/node_modules/.pnpm/next@16.2.10_@babel+core@7.29.7_@playwright+test@1.61.1_react-dom@19.2.0_react@19.2.0/node_modules/next/dist/compiled/next-server/app-route-turbo.runtime.prod.js:1:119701)
              at async l (payload-office-platform/.next/server/chunks/[root-of-the-server]__0pkvhx_._.js:1:20268)
              at async Module.w [as handler] (payload-office-platform/.next/server/chunks/[root-of-the-server]__0pkvhx_._.js:1:21375)
              at async NextNodeServer.renderToResponseWithComponentsImpl (payload-office-platform/node_modules/.pnpm/next@16.2.10_@babel+core@7.29.7_@playwright+test@1.61.1_react-dom@19.2.0_react@19.2.0/node_modules/next/dist/server/base-server.js:1462:9)
              at async NextNodeServer.renderPageComponent (payload-office-platform/node_modules/.pnpm/next@16.2.10_@babel+core@7.29.7_@playwright+test@1.61.1_react-dom@19.2.0_react@19.2.0/node_modules/next/dist/server/base-server.js:1514:24)
              at async NextNodeServer.renderToResponseImpl (payload-office-platform/node_modules/.pnpm/next@16.2.10_@babel+core@7.29.7_@playwright+test@1.61.1_react-dom@19.2.0_react@19.2.0/node_modules/next/dist/server/base-server.js:1564:32)
              at async NextNodeServer.pipeImpl (payload-office-platform/node_modules/.pnpm/next@16.2.10_@babel+core@7.29.7_@playwright+test@1.61.1_react-dom@19.2.0_react@19.2.0/node_modules/next/dist/server/base-server.js:1044:25)
              at async NextNodeServer.handleCatchallRenderRequest (payload-office-platform/node_modules/.pnpm/next@16.2.10_@babel+core@7.29.7_@playwright+test@1.61.1_react-dom@19.2.0_react@19.2.0/node_modules/next/dist/server/next-server.js:338:17)
              at async NextNodeServer.handleRequestImpl (payload-office-platform/node_modules/.pnpm/next@16.2.10_@babel+core@7.29.7_@playwright+test@1.61.1_react-dom@19.2.0_react@19.2.0/node_modules/next/dist/server/base-server.js:935:17)
              at async invokeRender (payload-office-platform/node_modules/.pnpm/next@16.2.10_@babel+core@7.29.7_@playwright+test@1.61.1_react-dom@19.2.0_react@19.2.0/node_modules/next/dist/server/lib/router-server.js:266:21)
              at async handleRequest (payload-office-platform/node_modules/.pnpm/next@16.2.10_@babel+core@7.29.7_@playwright+test@1.61.1_react-dom@19.2.0_react@19.2.0/node_modules/next/dist/server/lib/router-server.js:465:24)
              at async requestHandlerImpl (payload-office-platform/node_modules/.pnpm/next@16.2.10_@babel+core@7.29.7_@playwright+test@1.61.1_react-dom@19.2.0_react@19.2.0/node_modules/next/dist/server/lib/router-server.js:514:13)
              at async Server.requestListener (payload-office-platform/node_modules/.pnpm/next@16.2.10_@babel+core@7.29.7_@playwright+test@1.61.1_react-dom@19.2.0_react@19.2.0/node_modules/next/dist/server/lib/start-server.js:225:13)
      "data": null,
      "isOperational": true,
      "isPublic": true,
      "status": 401,
      "name": "I"
    }
[14:28:02] ERROR: 您无权执行此操作。
    err: {
      "type": "o",
      "message": "您无权执行此操作。",
      "stack":
          o: 您无权执行此操作。
              at N (payload-office-platform/.next/server/chunks/node_modules__pnpm_0_6pd12._.js:9:50835)
              at process.processTicksAndRejections (node:internal/process/task_queues:103:5)
              at async os (payload-office-platform/.next/server/chunks/node_modules__pnpm_0_6pd12._.js:128:46172)
              at async eR (payload-office-platform/.next/server/chunks/node_modules__pnpm_0_6pd12._.js:155:55581)
              at async h (payload-office-platform/.next/server/chunks/node_modules__pnpm_0lgz3ff._.js:1:18431)
              at async payload-office-platform/.next/server/chunks/node_modules__pnpm_0wwnffj._.js:1:8806
              at async rJ.do (payload-office-platform/node_modules/.pnpm/next@16.2.10_@babel+core@7.29.7_@playwright+test@1.61.1_react-dom@19.2.0_react@19.2.0/node_modules/next/dist/compiled/next-server/app-route-turbo.runtime.prod.js:5:20930)
              at async rJ.handle (payload-office-platform/node_modules/.pnpm/next@16.2.10_@babel+core@7.29.7_@playwright+test@1.61.1_react-dom@19.2.0_react@19.2.0/node_modules/next/dist/compiled/next-server/app-route-turbo.runtime.prod.js:5:25785)
              at async u (payload-office-platform/.next/server/chunks/[root-of-the-server]__0pkvhx_._.js:1:19227)
              at async rJ.handleResponse (payload-office-platform/node_modules/.pnpm/next@16.2.10_@babel+core@7.29.7_@playwright+test@1.61.1_react-dom@19.2.0_react@19.2.0/node_modules/next/dist/compiled/next-server/app-route-turbo.runtime.prod.js:1:119701)
              at async l (payload-office-platform/.next/server/chunks/[root-of-the-server]__0pkvhx_._.js:1:20268)
              at async Module.w [as handler] (payload-office-platform/.next/server/chunks/[root-of-the-server]__0pkvhx_._.js:1:21375)
              at async NextNodeServer.renderToResponseWithComponentsImpl (payload-office-platform/node_modules/.pnpm/next@16.2.10_@babel+core@7.29.7_@playwright+test@1.61.1_react-dom@19.2.0_react@19.2.0/node_modules/next/dist/server/base-server.js:1462:9)
              at async NextNodeServer.renderPageComponent (payload-office-platform/node_modules/.pnpm/next@16.2.10_@babel+core@7.29.7_@playwright+test@1.61.1_react-dom@19.2.0_react@19.2.0/node_modules/next/dist/server/base-server.js:1514:24)
              at async NextNodeServer.renderToResponseImpl (payload-office-platform/node_modules/.pnpm/next@16.2.10_@babel+core@7.29.7_@playwright+test@1.61.1_react-dom@19.2.0_react@19.2.0/node_modules/next/dist/server/base-server.js:1564:32)
              at async NextNodeServer.pipeImpl (payload-office-platform/node_modules/.pnpm/next@16.2.10_@babel+core@7.29.7_@playwright+test@1.61.1_react-dom@19.2.0_react@19.2.0/node_modules/next/dist/server/base-server.js:1044:25)
              at async NextNodeServer.handleCatchallRenderRequest (payload-office-platform/node_modules/.pnpm/next@16.2.10_@babel+core@7.29.7_@playwright+test@1.61.1_react-dom@19.2.0_react@19.2.0/node_modules/next/dist/server/next-server.js:338:17)
              at async NextNodeServer.handleRequestImpl (payload-office-platform/node_modules/.pnpm/next@16.2.10_@babel+core@7.29.7_@playwright+test@1.61.1_react-dom@19.2.0_react@19.2.0/node_modules/next/dist/server/base-server.js:935:17)
              at async invokeRender (payload-office-platform/node_modules/.pnpm/next@16.2.10_@babel+core@7.29.7_@playwright+test@1.61.1_react-dom@19.2.0_react@19.2.0/node_modules/next/dist/server/lib/router-server.js:266:21)
              at async handleRequest (payload-office-platform/node_modules/.pnpm/next@16.2.10_@babel+core@7.29.7_@playwright+test@1.61.1_react-dom@19.2.0_react@19.2.0/node_modules/next/dist/server/lib/router-server.js:465:24)
              at async requestHandlerImpl (payload-office-platform/node_modules/.pnpm/next@16.2.10_@babel+core@7.29.7_@playwright+test@1.61.1_react-dom@19.2.0_react@19.2.0/node_modules/next/dist/server/lib/router-server.js:514:13)
              at async Server.requestListener (payload-office-platform/node_modules/.pnpm/next@16.2.10_@babel+core@7.29.7_@playwright+test@1.61.1_react-dom@19.2.0_react@19.2.0/node_modules/next/dist/server/lib/start-server.js:225:13)
      "data": null,
      "isOperational": true,
      "isPublic": true,
      "status": 403,
      "name": "o"
    }
[14:28:02] ERROR: 您无权执行此操作。
    err: {
      "type": "o",
      "message": "您无权执行此操作。",
      "stack":
          o: 您无权执行此操作。
              at N (payload-office-platform/.next/server/chunks/node_modules__pnpm_0_6pd12._.js:9:50835)
              at process.processTicksAndRejections (node:internal/process/task_queues:103:5)
              at async os (payload-office-platform/.next/server/chunks/node_modules__pnpm_0_6pd12._.js:128:46172)
              at async eR (payload-office-platform/.next/server/chunks/node_modules__pnpm_0_6pd12._.js:155:55581)
              at async h (payload-office-platform/.next/server/chunks/node_modules__pnpm_0lgz3ff._.js:1:18431)
              at async payload-office-platform/.next/server/chunks/node_modules__pnpm_0wwnffj._.js:1:8806
              at async rJ.do (payload-office-platform/node_modules/.pnpm/next@16.2.10_@babel+core@7.29.7_@playwright+test@1.61.1_react-dom@19.2.0_react@19.2.0/node_modules/next/dist/compiled/next-server/app-route-turbo.runtime.prod.js:5:20930)
              at async rJ.handle (payload-office-platform/node_modules/.pnpm/next@16.2.10_@babel+core@7.29.7_@playwright+test@1.61.1_react-dom@19.2.0_react@19.2.0/node_modules/next/dist/compiled/next-server/app-route-turbo.runtime.prod.js:5:25785)
              at async u (payload-office-platform/.next/server/chunks/[root-of-the-server]__0pkvhx_._.js:1:19227)
              at async rJ.handleResponse (payload-office-platform/node_modules/.pnpm/next@16.2.10_@babel+core@7.29.7_@playwright+test@1.61.1_react-dom@19.2.0_react@19.2.0/node_modules/next/dist/compiled/next-server/app-route-turbo.runtime.prod.js:1:119701)
              at async l (payload-office-platform/.next/server/chunks/[root-of-the-server]__0pkvhx_._.js:1:20268)
              at async Module.w [as handler] (payload-office-platform/.next/server/chunks/[root-of-the-server]__0pkvhx_._.js:1:21375)
              at async NextNodeServer.renderToResponseWithComponentsImpl (payload-office-platform/node_modules/.pnpm/next@16.2.10_@babel+core@7.29.7_@playwright+test@1.61.1_react-dom@19.2.0_react@19.2.0/node_modules/next/dist/server/base-server.js:1462:9)
              at async NextNodeServer.renderPageComponent (payload-office-platform/node_modules/.pnpm/next@16.2.10_@babel+core@7.29.7_@playwright+test@1.61.1_react-dom@19.2.0_react@19.2.0/node_modules/next/dist/server/base-server.js:1514:24)
              at async NextNodeServer.renderToResponseImpl (payload-office-platform/node_modules/.pnpm/next@16.2.10_@babel+core@7.29.7_@playwright+test@1.61.1_react-dom@19.2.0_react@19.2.0/node_modules/next/dist/server/base-server.js:1564:32)
              at async NextNodeServer.pipeImpl (payload-office-platform/node_modules/.pnpm/next@16.2.10_@babel+core@7.29.7_@playwright+test@1.61.1_react-dom@19.2.0_react@19.2.0/node_modules/next/dist/server/base-server.js:1044:25)
              at async NextNodeServer.handleCatchallRenderRequest (payload-office-platform/node_modules/.pnpm/next@16.2.10_@babel+core@7.29.7_@playwright+test@1.61.1_react-dom@19.2.0_react@19.2.0/node_modules/next/dist/server/next-server.js:338:17)
              at async NextNodeServer.handleRequestImpl (payload-office-platform/node_modules/.pnpm/next@16.2.10_@babel+core@7.29.7_@playwright+test@1.61.1_react-dom@19.2.0_react@19.2.0/node_modules/next/dist/server/base-server.js:935:17)
              at async invokeRender (payload-office-platform/node_modules/.pnpm/next@16.2.10_@babel+core@7.29.7_@playwright+test@1.61.1_react-dom@19.2.0_react@19.2.0/node_modules/next/dist/server/lib/router-server.js:266:21)
              at async handleRequest (payload-office-platform/node_modules/.pnpm/next@16.2.10_@babel+core@7.29.7_@playwright+test@1.61.1_react-dom@19.2.0_react@19.2.0/node_modules/next/dist/server/lib/router-server.js:465:24)
              at async requestHandlerImpl (payload-office-platform/node_modules/.pnpm/next@16.2.10_@babel+core@7.29.7_@playwright+test@1.61.1_react-dom@19.2.0_react@19.2.0/node_modules/next/dist/server/lib/router-server.js:514:13)
              at async Server.requestListener (payload-office-platform/node_modules/.pnpm/next@16.2.10_@babel+core@7.29.7_@playwright+test@1.61.1_react-dom@19.2.0_react@19.2.0/node_modules/next/dist/server/lib/start-server.js:225:13)
      "data": null,
      "isOperational": true,
      "isPublic": true,
      "status": 403,
      "name": "o"
    }
[14:28:02] ERROR: 您无权执行此操作。
    err: {
      "type": "o",
      "message": "您无权执行此操作。",
      "stack":
          o: 您无权执行此操作。
              at N (payload-office-platform/.next/server/chunks/node_modules__pnpm_0_6pd12._.js:9:50835)
              at process.processTicksAndRejections (node:internal/process/task_queues:103:5)
              at async $ (payload-office-platform/.next/server/chunks/node_modules__pnpm_0_6pd12._.js:129:33546)
              at async e_ (payload-office-platform/.next/server/chunks/node_modules__pnpm_0_6pd12._.js:155:57069)
              at async h (payload-office-platform/.next/server/chunks/node_modules__pnpm_0lgz3ff._.js:1:18431)
              at async payload-office-platform/.next/server/chunks/node_modules__pnpm_0wwnffj._.js:1:8806
              at async rJ.do (payload-office-platform/node_modules/.pnpm/next@16.2.10_@babel+core@7.29.7_@playwright+test@1.61.1_react-dom@19.2.0_react@19.2.0/node_modules/next/dist/compiled/next-server/app-route-turbo.runtime.prod.js:5:20930)
              at async rJ.handle (payload-office-platform/node_modules/.pnpm/next@16.2.10_@babel+core@7.29.7_@playwright+test@1.61.1_react-dom@19.2.0_react@19.2.0/node_modules/next/dist/compiled/next-server/app-route-turbo.runtime.prod.js:5:25785)
              at async u (payload-office-platform/.next/server/chunks/[root-of-the-server]__0pkvhx_._.js:1:19227)
              at async rJ.handleResponse (payload-office-platform/node_modules/.pnpm/next@16.2.10_@babel+core@7.29.7_@playwright+test@1.61.1_react-dom@19.2.0_react@19.2.0/node_modules/next/dist/compiled/next-server/app-route-turbo.runtime.prod.js:1:119701)
              at async l (payload-office-platform/.next/server/chunks/[root-of-the-server]__0pkvhx_._.js:1:20268)
              at async Module.w [as handler] (payload-office-platform/.next/server/chunks/[root-of-the-server]__0pkvhx_._.js:1:21375)
              at async NextNodeServer.renderToResponseWithComponentsImpl (payload-office-platform/node_modules/.pnpm/next@16.2.10_@babel+core@7.29.7_@playwright+test@1.61.1_react-dom@19.2.0_react@19.2.0/node_modules/next/dist/server/base-server.js:1462:9)
              at async NextNodeServer.renderPageComponent (payload-office-platform/node_modules/.pnpm/next@16.2.10_@babel+core@7.29.7_@playwright+test@1.61.1_react-dom@19.2.0_react@19.2.0/node_modules/next/dist/server/base-server.js:1514:24)
              at async NextNodeServer.renderToResponseImpl (payload-office-platform/node_modules/.pnpm/next@16.2.10_@babel+core@7.29.7_@playwright+test@1.61.1_react-dom@19.2.0_react@19.2.0/node_modules/next/dist/server/base-server.js:1564:32)
              at async NextNodeServer.pipeImpl (payload-office-platform/node_modules/.pnpm/next@16.2.10_@babel+core@7.29.7_@playwright+test@1.61.1_react-dom@19.2.0_react@19.2.0/node_modules/next/dist/server/base-server.js:1044:25)
              at async NextNodeServer.handleCatchallRenderRequest (payload-office-platform/node_modules/.pnpm/next@16.2.10_@babel+core@7.29.7_@playwright+test@1.61.1_react-dom@19.2.0_react@19.2.0/node_modules/next/dist/server/next-server.js:338:17)
              at async NextNodeServer.handleRequestImpl (payload-office-platform/node_modules/.pnpm/next@16.2.10_@babel+core@7.29.7_@playwright+test@1.61.1_react-dom@19.2.0_react@19.2.0/node_modules/next/dist/server/base-server.js:935:17)
              at async invokeRender (payload-office-platform/node_modules/.pnpm/next@16.2.10_@babel+core@7.29.7_@playwright+test@1.61.1_react-dom@19.2.0_react@19.2.0/node_modules/next/dist/server/lib/router-server.js:266:21)
              at async handleRequest (payload-office-platform/node_modules/.pnpm/next@16.2.10_@babel+core@7.29.7_@playwright+test@1.61.1_react-dom@19.2.0_react@19.2.0/node_modules/next/dist/server/lib/router-server.js:465:24)
              at async requestHandlerImpl (payload-office-platform/node_modules/.pnpm/next@16.2.10_@babel+core@7.29.7_@playwright+test@1.61.1_react-dom@19.2.0_react@19.2.0/node_modules/next/dist/server/lib/router-server.js:514:13)
              at async Server.requestListener (payload-office-platform/node_modules/.pnpm/next@16.2.10_@babel+core@7.29.7_@playwright+test@1.61.1_react-dom@19.2.0_react@19.2.0/node_modules/next/dist/server/lib/start-server.js:225:13)
      "data": null,
      "isOperational": true,
      "isPublic": true,
      "status": 403,
      "name": "o"
    }
[14:28:30] ERROR: Error running task 1. Attempt 2
    job: {
      "id": 24,
      "input": {
        "eventId": "supply-submission-created:1"
      },
      "completedAt": null,
      "totalTried": 1,
      "hasError": false,
      "error": null,
      "log": [
        {
          "id": "6a9e59704d12bdb24d0da0c8",
          "executedAt": "2026-09-07T06:28:00.134Z",
          "completedAt": "2026-09-07T06:28:00.151Z",
          "taskSlug": "notify-supply-submission-created",
          "taskID": "1",
          "input": {
            "eventId": "supply-submission-created:1"
          },
          "output": {},
          "state": "failed",
          "error": {
            "name": "Error",
            "stack": "Error: supply_submission_notification_delivery_failed\n    at Object.notify-supply-submission-created (payload-office-platform/.next/server/chunks/node_modules__pnpm_0_6pd12._.js:129:4771)\n    at process.processTicksAndRejections (node:internal/process/task_queues:103:5)\n    at async handler (payload-office-platform/.next/server/chunks/node_modules__pnpm_0_6pd12._.js:129:9780)\n    at async Z (payload-office-platform/.next/server/chunks/node_modules__pnpm_0_6pd12._.js:129:5663)\n    at async p (payload-office-platform/.next/server/chunks/node_modules__pnpm_0_6pd12._.js:129:10716)\n    at async Promise.all (index 0)\n    at async ee (payload-office-platform/.next/server/chunks/node_modules__pnpm_0_6pd12._.js:129:11427)\n    at async Object.run (payload-office-platform/.next/server/chunks/node_modules__pnpm_11o3zr1._.js:8:5757)\n    at async T.Cron.catch.logger.error.err [as fn] (payload-office-platform/.next/server/chunks/node_modules__pnpm_11o3zr1._.js:8:8113)\n    at async y._trigger (payload-office-platform/.next/server/chunks/node_modules__pnpm_0_6pd12._.js:128:79201)",
            "message": "supply_submission_notification_delivery_failed",
            "cancelled": false
          }
        }
      ],
      "taskSlug": "notify-supply-submission-created",
      "queue": "supply-submission-notifications",
      "processing": true,
      "meta": null,
      "updatedAt": "2026-09-07T06:28:30.098Z",
      "createdAt": "2026-09-07T06:27:57.912Z",
      "taskStatus": {
        "notify-supply-submission-created": {
          "1": {
            "complete": false,
            "input": {
              "eventId": "supply-submission-created:1"
            },
            "output": {},
            "taskSlug": "notify-supply-submission-created",
            "totalTried": 1
          }
        }
      },
      "waitUntil": "2026-09-07T06:28:40.118Z"
    }
    taskSlug: "notify-supply-submission-created"
    err: {
      "type": "U",
      "message": "supply_submission_notification_delivery_failed",
      "stack":
          Error: supply_submission_notification_delivery_failed
              at Object.notify-supply-submission-created (payload-office-platform/.next/server/chunks/node_modules__pnpm_0_6pd12._.js:129:4771)
              at process.processTicksAndRejections (node:internal/process/task_queues:103:5)
              at async handler (payload-office-platform/.next/server/chunks/node_modules__pnpm_0_6pd12._.js:129:9780)
              at async Z (payload-office-platform/.next/server/chunks/node_modules__pnpm_0_6pd12._.js:129:5663)
              at async p (payload-office-platform/.next/server/chunks/node_modules__pnpm_0_6pd12._.js:129:10716)
              at async Promise.all (index 0)
              at async ee (payload-office-platform/.next/server/chunks/node_modules__pnpm_0_6pd12._.js:129:11427)
              at async Object.run (payload-office-platform/.next/server/chunks/node_modules__pnpm_11o3zr1._.js:8:5757)
              at async T.Cron.catch.logger.error.err [as fn] (payload-office-platform/.next/server/chunks/node_modules__pnpm_11o3zr1._.js:8:8113)
              at async y._trigger (payload-office-platform/.next/server/chunks/node_modules__pnpm_0_6pd12._.js:128:79201)
      "args": {
        "type": "Object",
        "message": "supply_submission_notification_delivery_failed",
        "stack":

        "executedAt": "2026-09-07T06:28:30.109Z",
        "input": {
          "eventId": "supply-submission-created:1"
        },
        "job": {
          "id": 24,
          "input": {
            "eventId": "supply-submission-created:1"
          },
          "completedAt": null,
          "totalTried": 1,
          "hasError": false,
          "error": null,
          "log": [
            {
              "id": "6a9e59704d12bdb24d0da0c8",
              "executedAt": "2026-09-07T06:28:00.134Z",
              "completedAt": "2026-09-07T06:28:00.151Z",
              "taskSlug": "notify-supply-submission-created",
              "taskID": "1",
              "input": {
                "eventId": "supply-submission-created:1"
              },
              "output": {},
              "state": "failed",
              "error": {
                "name": "Error",
                "stack":
                    Error: supply_submission_notification_delivery_failed
                        at Object.notify-supply-submission-created (payload-office-platform/.next/server/chunks/node_modules__pnpm_0_6pd12._.js:129:4771)
                        at process.processTicksAndRejections (node:internal/process/task_queues:103:5)
                        at async handler (payload-office-platform/.next/server/chunks/node_modules__pnpm_0_6pd12._.js:129:9780)
                        at async Z (payload-office-platform/.next/server/chunks/node_modules__pnpm_0_6pd12._.js:129:5663)
                        at async p (payload-office-platform/.next/server/chunks/node_modules__pnpm_0_6pd12._.js:129:10716)
                        at async Promise.all (index 0)
                        at async ee (payload-office-platform/.next/server/chunks/node_modules__pnpm_0_6pd12._.js:129:11427)
                        at async Object.run (payload-office-platform/.next/server/chunks/node_modules__pnpm_11o3zr1._.js:8:5757)
                        at async T.Cron.catch.logger.error.err [as fn] (payload-office-platform/.next/server/chunks/node_modules__pnpm_11o3zr1._.js:8:8113)
                        at async y._trigger (payload-office-platform/.next/server/chunks/node_modules__pnpm_0_6pd12._.js:128:79201)
                "message": "supply_submission_notification_delivery_failed",
                "cancelled": false
              }
            }
          ],
          "taskSlug": "notify-supply-submission-created",
          "queue": "supply-submission-notifications",
          "processing": true,
          "meta": null,
          "updatedAt": "2026-09-07T06:28:30.098Z",
          "createdAt": "2026-09-07T06:27:57.912Z",
          "taskStatus": {
            "notify-supply-submission-created": {
              "1": {
                "complete": false,
                "input": {
                  "eventId": "supply-submission-created:1"
                },
                "output": {},
                "taskSlug": "notify-supply-submission-created",
                "totalTried": 1
              }
            }
          },
          "waitUntil": "2026-09-07T06:28:40.118Z"
        },
        "output": {},
        "retriesConfig": {
          "attempts": 5,
          "backoff": {
            "type": "exponential",
            "delay": 5000
          }
        },
        "taskConfig": {
          "slug": "notify-supply-submission-created",
          "label": "投放申请通知",
          "inputSchema": [
            {
              "name": "eventId",
              "type": "text",
              "required": true
            }
          ],
          "outputSchema": [
            {
              "name": "delivered",
              "type": "number",
              "required": true
            }
          ],
          "retries": {
            "attempts": 5,
            "backoff": {
              "type": "exponential",
              "delay": 5000
            }
          }
        },
        "taskID": "1",
        "taskSlug": "notify-supply-submission-created",
        "taskStatus": {
          "complete": false,
          "input": {
            "eventId": "supply-submission-created:1"
          },
          "output": {},
          "taskSlug": "notify-supply-submission-created",
          "totalTried": 1
        },
        "workflowConfig": {
          "slug": "singleTask"
        }
      }
    }
[14:29:00] ERROR: Error running task 1. Attempt 3
    job: {
      "id": 24,
      "input": {
        "eventId": "supply-submission-created:1"
      },
      "completedAt": null,
      "totalTried": 2,
      "hasError": false,
      "error": null,
      "log": [
        {
          "id": "6a9e59704d12bdb24d0da0c8",
          "executedAt": "2026-09-07T06:28:00.134Z",
          "completedAt": "2026-09-07T06:28:00.151Z",
          "taskSlug": "notify-supply-submission-created",
          "taskID": "1",
          "input": {
            "eventId": "supply-submission-created:1"
          },
          "output": {},
          "state": "failed",
          "error": {
            "name": "Error",
            "stack": "Error: supply_submission_notification_delivery_failed\n    at Object.notify-supply-submission-created (payload-office-platform/.next/server/chunks/node_modules__pnpm_0_6pd12._.js:129:4771)\n    at process.processTicksAndRejections (node:internal/process/task_queues:103:5)\n    at async handler (payload-office-platform/.next/server/chunks/node_modules__pnpm_0_6pd12._.js:129:9780)\n    at async Z (payload-office-platform/.next/server/chunks/node_modules__pnpm_0_6pd12._.js:129:5663)\n    at async p (payload-office-platform/.next/server/chunks/node_modules__pnpm_0_6pd12._.js:129:10716)\n    at async Promise.all (index 0)\n    at async ee (payload-office-platform/.next/server/chunks/node_modules__pnpm_0_6pd12._.js:129:11427)\n    at async Object.run (payload-office-platform/.next/server/chunks/node_modules__pnpm_11o3zr1._.js:8:5757)\n    at async T.Cron.catch.logger.error.err [as fn] (payload-office-platform/.next/server/chunks/node_modules__pnpm_11o3zr1._.js:8:8113)\n    at async y._trigger (payload-office-platform/.next/server/chunks/node_modules__pnpm_0_6pd12._.js:128:79201)",
            "message": "supply_submission_notification_delivery_failed",
            "cancelled": false
          }
        },
        {
          "id": "6a9e598e4d12bdb24d0da1b7",
          "executedAt": "2026-09-07T06:28:30.109Z",
          "completedAt": "2026-09-07T06:28:30.118Z",
          "taskSlug": "notify-supply-submission-created",
          "taskID": "1",
          "input": {
            "eventId": "supply-submission-created:1"
          },
          "output": {},
          "state": "failed",
          "error": {
            "name": "Error",
            "stack": "Error: supply_submission_notification_delivery_failed\n    at Object.notify-supply-submission-created (payload-office-platform/.next/server/chunks/node_modules__pnpm_0_6pd12._.js:129:4771)\n    at process.processTicksAndRejections (node:internal/process/task_queues:103:5)\n    at async handler (payload-office-platform/.next/server/chunks/node_modules__pnpm_0_6pd12._.js:129:9780)\n    at async Z (payload-office-platform/.next/server/chunks/node_modules__pnpm_0_6pd12._.js:129:5663)\n    at async p (payload-office-platform/.next/server/chunks/node_modules__pnpm_0_6pd12._.js:129:10716)\n    at async Promise.all (index 0)\n    at async ee (payload-office-platform/.next/server/chunks/node_modules__pnpm_0_6pd12._.js:129:11427)\n    at async Object.run (payload-office-platform/.next/server/chunks/node_modules__pnpm_11o3zr1._.js:8:5757)\n    at async T.Cron.catch.logger.error.err [as fn] (payload-office-platform/.next/server/chunks/node_modules__pnpm_11o3zr1._.js:8:8113)\n    at async y._trigger (payload-office-platform/.next/server/chunks/node_modules__pnpm_0_6pd12._.js:128:79201)",
            "message": "supply_submission_notification_delivery_failed",
            "cancelled": false
          }
        }
      ],
      "taskSlug": "notify-supply-submission-created",
      "queue": "supply-submission-notifications",
      "processing": true,
      "meta": null,
      "updatedAt": "2026-09-07T06:29:00.022Z",
      "createdAt": "2026-09-07T06:27:57.912Z",
      "taskStatus": {
        "notify-supply-submission-created": {
          "1": {
            "complete": false,
            "input": {
              "eventId": "supply-submission-created:1"
            },
            "output": {},
            "taskSlug": "notify-supply-submission-created",
            "totalTried": 2
          }
        }
      },
      "waitUntil": "2026-09-07T06:29:20.068Z"
    }
    taskSlug: "notify-supply-submission-created"
    err: {
      "type": "U",
      "message": "supply_submission_notification_delivery_failed",
      "stack":
          Error: supply_submission_notification_delivery_failed
              at Object.notify-supply-submission-created (payload-office-platform/.next/server/chunks/node_modules__pnpm_0_6pd12._.js:129:4771)
              at process.processTicksAndRejections (node:internal/process/task_queues:103:5)
              at async handler (payload-office-platform/.next/server/chunks/node_modules__pnpm_0_6pd12._.js:129:9780)
              at async Z (payload-office-platform/.next/server/chunks/node_modules__pnpm_0_6pd12._.js:129:5663)
              at async p (payload-office-platform/.next/server/chunks/node_modules__pnpm_0_6pd12._.js:129:10716)
              at async Promise.all (index 0)
              at async ee (payload-office-platform/.next/server/chunks/node_modules__pnpm_0_6pd12._.js:129:11427)
              at async Object.run (payload-office-platform/.next/server/chunks/node_modules__pnpm_11o3zr1._.js:8:5757)
              at async T.Cron.catch.logger.error.err [as fn] (payload-office-platform/.next/server/chunks/node_modules__pnpm_11o3zr1._.js:8:8113)
              at async y._trigger (payload-office-platform/.next/server/chunks/node_modules__pnpm_0_6pd12._.js:128:79201)
      "args": {
        "type": "Object",
        "message": "supply_submission_notification_delivery_failed",
        "stack":

        "executedAt": "2026-09-07T06:29:00.045Z",
        "input": {
          "eventId": "supply-submission-created:1"
        },
        "job": {
          "id": 24,
          "input": {
            "eventId": "supply-submission-created:1"
          },
          "completedAt": null,
          "totalTried": 2,
          "hasError": false,
          "error": null,
          "log": [
            {
              "id": "6a9e59704d12bdb24d0da0c8",
              "executedAt": "2026-09-07T06:28:00.134Z",
              "completedAt": "2026-09-07T06:28:00.151Z",
              "taskSlug": "notify-supply-submission-created",
              "taskID": "1",
              "input": {
                "eventId": "supply-submission-created:1"
              },
              "output": {},
              "state": "failed",
              "error": {
                "name": "Error",
                "stack":
                    Error: supply_submission_notification_delivery_failed
                        at Object.notify-supply-submission-created (payload-office-platform/.next/server/chunks/node_modules__pnpm_0_6pd12._.js:129:4771)
                        at process.processTicksAndRejections (node:internal/process/task_queues:103:5)
                        at async handler (payload-office-platform/.next/server/chunks/node_modules__pnpm_0_6pd12._.js:129:9780)
                        at async Z (payload-office-platform/.next/server/chunks/node_modules__pnpm_0_6pd12._.js:129:5663)
                        at async p (payload-office-platform/.next/server/chunks/node_modules__pnpm_0_6pd12._.js:129:10716)
                        at async Promise.all (index 0)
                        at async ee (payload-office-platform/.next/server/chunks/node_modules__pnpm_0_6pd12._.js:129:11427)
                        at async Object.run (payload-office-platform/.next/server/chunks/node_modules__pnpm_11o3zr1._.js:8:5757)
                        at async T.Cron.catch.logger.error.err [as fn] (payload-office-platform/.next/server/chunks/node_modules__pnpm_11o3zr1._.js:8:8113)
                        at async y._trigger (payload-office-platform/.next/server/chunks/node_modules__pnpm_0_6pd12._.js:128:79201)
                "message": "supply_submission_notification_delivery_failed",
                "cancelled": false
              }
            },
            {
              "id": "6a9e598e4d12bdb24d0da1b7",
              "executedAt": "2026-09-07T06:28:30.109Z",
              "completedAt": "2026-09-07T06:28:30.118Z",
              "taskSlug": "notify-supply-submission-created",
              "taskID": "1",
              "input": {
                "eventId": "supply-submission-created:1"
              },
              "output": {},
              "state": "failed",
              "error": {
                "name": "Error",
                "stack":
                    Error: supply_submission_notification_delivery_failed
                        at Object.notify-supply-submission-created (payload-office-platform/.next/server/chunks/node_modules__pnpm_0_6pd12._.js:129:4771)
                        at process.processTicksAndRejections (node:internal/process/task_queues:103:5)
                        at async handler (payload-office-platform/.next/server/chunks/node_modules__pnpm_0_6pd12._.js:129:9780)
                        at async Z (payload-office-platform/.next/server/chunks/node_modules__pnpm_0_6pd12._.js:129:5663)
                        at async p (payload-office-platform/.next/server/chunks/node_modules__pnpm_0_6pd12._.js:129:10716)
                        at async Promise.all (index 0)
                        at async ee (payload-office-platform/.next/server/chunks/node_modules__pnpm_0_6pd12._.js:129:11427)
                        at async Object.run (payload-office-platform/.next/server/chunks/node_modules__pnpm_11o3zr1._.js:8:5757)
                        at async T.Cron.catch.logger.error.err [as fn] (payload-office-platform/.next/server/chunks/node_modules__pnpm_11o3zr1._.js:8:8113)
                        at async y._trigger (payload-office-platform/.next/server/chunks/node_modules__pnpm_0_6pd12._.js:128:79201)
                "message": "supply_submission_notification_delivery_failed",
                "cancelled": false
              }
            }
          ],
          "taskSlug": "notify-supply-submission-created",
          "queue": "supply-submission-notifications",
          "processing": true,
          "meta": null,
          "updatedAt": "2026-09-07T06:29:00.022Z",
          "createdAt": "2026-09-07T06:27:57.912Z",
          "taskStatus": {
            "notify-supply-submission-created": {
              "1": {
                "complete": false,
                "input": {
                  "eventId": "supply-submission-created:1"
                },
                "output": {},
                "taskSlug": "notify-supply-submission-created",
                "totalTried": 2
              }
            }
          },
          "waitUntil": "2026-09-07T06:29:20.068Z"
        },
        "output": {},
        "retriesConfig": {
          "attempts": 5,
          "backoff": {
            "type": "exponential",
            "delay": 5000
          }
        },
        "taskConfig": {
          "slug": "notify-supply-submission-created",
          "label": "投放申请通知",
          "inputSchema": [
            {
              "name": "eventId",
              "type": "text",
              "required": true
            }
          ],
          "outputSchema": [
            {
              "name": "delivered",
              "type": "number",
              "required": true
            }
          ],
          "retries": {
            "attempts": 5,
            "backoff": {
              "type": "exponential",
              "delay": 5000
            }
          }
        },
        "taskID": "1",
        "taskSlug": "notify-supply-submission-created",
        "taskStatus": {
          "complete": false,
          "input": {
            "eventId": "supply-submission-created:1"
          },
          "output": {},
          "taskSlug": "notify-supply-submission-created",
          "totalTried": 2
        },
        "workflowConfig": {
          "slug": "singleTask"
        }
      }
    }
[14:29:30] ERROR: Error running task 1. Attempt 4
    job: {
      "id": 24,
      "input": {
        "eventId": "supply-submission-created:1"
      },
      "completedAt": null,
      "totalTried": 3,
      "hasError": false,
      "error": null,
      "log": [
        {
          "id": "6a9e59704d12bdb24d0da0c8",
          "executedAt": "2026-09-07T06:28:00.134Z",
          "completedAt": "2026-09-07T06:28:00.151Z",
          "taskSlug": "notify-supply-submission-created",
          "taskID": "1",
          "input": {
            "eventId": "supply-submission-created:1"
          },
          "output": {},
          "state": "failed",
          "error": {
            "name": "Error",
            "stack": "Error: supply_submission_notification_delivery_failed\n    at Object.notify-supply-submission-created (payload-office-platform/.next/server/chunks/node_modules__pnpm_0_6pd12._.js:129:4771)\n    at process.processTicksAndRejections (node:internal/process/task_queues:103:5)\n    at async handler (payload-office-platform/.next/server/chunks/node_modules__pnpm_0_6pd12._.js:129:9780)\n    at async Z (payload-office-platform/.next/server/chunks/node_modules__pnpm_0_6pd12._.js:129:5663)\n    at async p (payload-office-platform/.next/server/chunks/node_modules__pnpm_0_6pd12._.js:129:10716)\n    at async Promise.all (index 0)\n    at async ee (payload-office-platform/.next/server/chunks/node_modules__pnpm_0_6pd12._.js:129:11427)\n    at async Object.run (payload-office-platform/.next/server/chunks/node_modules__pnpm_11o3zr1._.js:8:5757)\n    at async T.Cron.catch.logger.error.err [as fn] (payload-office-platform/.next/server/chunks/node_modules__pnpm_11o3zr1._.js:8:8113)\n    at async y._trigger (payload-office-platform/.next/server/chunks/node_modules__pnpm_0_6pd12._.js:128:79201)",
            "message": "supply_submission_notification_delivery_failed",
            "cancelled": false
          }
        },
        {
          "id": "6a9e598e4d12bdb24d0da1b7",
          "executedAt": "2026-09-07T06:28:30.109Z",
          "completedAt": "2026-09-07T06:28:30.118Z",
          "taskSlug": "notify-supply-submission-created",
          "taskID": "1",
          "input": {
            "eventId": "supply-submission-created:1"
          },
          "output": {},
          "state": "failed",
          "error": {
            "name": "Error",
            "stack": "Error: supply_submission_notification_delivery_failed\n    at Object.notify-supply-submission-created (payload-office-platform/.next/server/chunks/node_modules__pnpm_0_6pd12._.js:129:4771)\n    at process.processTicksAndRejections (node:internal/process/task_queues:103:5)\n    at async handler (payload-office-platform/.next/server/chunks/node_modules__pnpm_0_6pd12._.js:129:9780)\n    at async Z (payload-office-platform/.next/server/chunks/node_modules__pnpm_0_6pd12._.js:129:5663)\n    at async p (payload-office-platform/.next/server/chunks/node_modules__pnpm_0_6pd12._.js:129:10716)\n    at async Promise.all (index 0)\n    at async ee (payload-office-platform/.next/server/chunks/node_modules__pnpm_0_6pd12._.js:129:11427)\n    at async Object.run (payload-office-platform/.next/server/chunks/node_modules__pnpm_11o3zr1._.js:8:5757)\n    at async T.Cron.catch.logger.error.err [as fn] (payload-office-platform/.next/server/chunks/node_modules__pnpm_11o3zr1._.js:8:8113)\n    at async y._trigger (payload-office-platform/.next/server/chunks/node_modules__pnpm_0_6pd12._.js:128:79201)",
            "message": "supply_submission_notification_delivery_failed",
            "cancelled": false
          }
        },
        {
          "id": "6a9e59ac4d12bdb24d0da1ec",
          "executedAt": "2026-09-07T06:29:00.045Z",
          "completedAt": "2026-09-07T06:29:00.068Z",
          "taskSlug": "notify-supply-submission-created",
          "taskID": "1",
          "input": {
            "eventId": "supply-submission-created:1"
          },
          "output": {},
          "state": "failed",
          "error": {
            "name": "Error",
            "stack": "Error: supply_submission_notification_delivery_failed\n    at Object.notify-supply-submission-created (payload-office-platform/.next/server/chunks/node_modules__pnpm_0_6pd12._.js:129:4771)\n    at process.processTicksAndRejections (node:internal/process/task_queues:103:5)\n    at async handler (payload-office-platform/.next/server/chunks/node_modules__pnpm_0_6pd12._.js:129:9780)\n    at async Z (payload-office-platform/.next/server/chunks/node_modules__pnpm_0_6pd12._.js:129:5663)\n    at async p (payload-office-platform/.next/server/chunks/node_modules__pnpm_0_6pd12._.js:129:10716)\n    at async Promise.all (index 0)\n    at async ee (payload-office-platform/.next/server/chunks/node_modules__pnpm_0_6pd12._.js:129:11427)\n    at async Object.run (payload-office-platform/.next/server/chunks/node_modules__pnpm_11o3zr1._.js:8:5757)\n    at async T.Cron.catch.logger.error.err [as fn] (payload-office-platform/.next/server/chunks/node_modules__pnpm_11o3zr1._.js:8:8113)\n    at async y._trigger (payload-office-platform/.next/server/chunks/node_modules__pnpm_0_6pd12._.js:128:79201)",
            "message": "supply_submission_notification_delivery_failed",
            "cancelled": false
          }
        }
      ],
      "taskSlug": "notify-supply-submission-created",
      "queue": "supply-submission-notifications",
      "processing": true,
      "meta": null,
      "updatedAt": "2026-09-07T06:29:30.061Z",
      "createdAt": "2026-09-07T06:27:57.912Z",
      "taskStatus": {
        "notify-supply-submission-created": {
          "1": {
            "complete": false,
            "input": {
              "eventId": "supply-submission-created:1"
            },
            "output": {},
            "taskSlug": "notify-supply-submission-created",
            "totalTried": 3
          }
        }
      },
      "waitUntil": "2026-09-07T06:30:10.088Z"
    }
    taskSlug: "notify-supply-submission-created"
    err: {
      "type": "U",
      "message": "supply_submission_notification_delivery_failed",
      "stack":
          Error: supply_submission_notification_delivery_failed
              at Object.notify-supply-submission-created (payload-office-platform/.next/server/chunks/node_modules__pnpm_0_6pd12._.js:129:4771)
              at process.processTicksAndRejections (node:internal/process/task_queues:103:5)
              at async handler (payload-office-platform/.next/server/chunks/node_modules__pnpm_0_6pd12._.js:129:9780)
              at async Z (payload-office-platform/.next/server/chunks/node_modules__pnpm_0_6pd12._.js:129:5663)
              at async p (payload-office-platform/.next/server/chunks/node_modules__pnpm_0_6pd12._.js:129:10716)
              at async Promise.all (index 0)
              at async ee (payload-office-platform/.next/server/chunks/node_modules__pnpm_0_6pd12._.js:129:11427)
              at async Object.run (payload-office-platform/.next/server/chunks/node_modules__pnpm_11o3zr1._.js:8:5757)
              at async T.Cron.catch.logger.error.err [as fn] (payload-office-platform/.next/server/chunks/node_modules__pnpm_11o3zr1._.js:8:8113)
              at async y._trigger (payload-office-platform/.next/server/chunks/node_modules__pnpm_0_6pd12._.js:128:79201)
      "args": {
        "type": "Object",
        "message": "supply_submission_notification_delivery_failed",
        "stack":

        "executedAt": "2026-09-07T06:29:30.071Z",
        "input": {
          "eventId": "supply-submission-created:1"
        },
        "job": {
          "id": 24,
          "input": {
            "eventId": "supply-submission-created:1"
          },
          "completedAt": null,
          "totalTried": 3,
          "hasError": false,
          "error": null,
          "log": [
            {
              "id": "6a9e59704d12bdb24d0da0c8",
              "executedAt": "2026-09-07T06:28:00.134Z",
              "completedAt": "2026-09-07T06:28:00.151Z",
              "taskSlug": "notify-supply-submission-created",
              "taskID": "1",
              "input": {
                "eventId": "supply-submission-created:1"
              },
              "output": {},
              "state": "failed",
              "error": {
                "name": "Error",
                "stack":
                    Error: supply_submission_notification_delivery_failed
                        at Object.notify-supply-submission-created (payload-office-platform/.next/server/chunks/node_modules__pnpm_0_6pd12._.js:129:4771)
                        at process.processTicksAndRejections (node:internal/process/task_queues:103:5)
                        at async handler (payload-office-platform/.next/server/chunks/node_modules__pnpm_0_6pd12._.js:129:9780)
                        at async Z (payload-office-platform/.next/server/chunks/node_modules__pnpm_0_6pd12._.js:129:5663)
                        at async p (payload-office-platform/.next/server/chunks/node_modules__pnpm_0_6pd12._.js:129:10716)
                        at async Promise.all (index 0)
                        at async ee (payload-office-platform/.next/server/chunks/node_modules__pnpm_0_6pd12._.js:129:11427)
                        at async Object.run (payload-office-platform/.next/server/chunks/node_modules__pnpm_11o3zr1._.js:8:5757)
                        at async T.Cron.catch.logger.error.err [as fn] (payload-office-platform/.next/server/chunks/node_modules__pnpm_11o3zr1._.js:8:8113)
                        at async y._trigger (payload-office-platform/.next/server/chunks/node_modules__pnpm_0_6pd12._.js:128:79201)
                "message": "supply_submission_notification_delivery_failed",
                "cancelled": false
              }
            },
            {
              "id": "6a9e598e4d12bdb24d0da1b7",
              "executedAt": "2026-09-07T06:28:30.109Z",
              "completedAt": "2026-09-07T06:28:30.118Z",
              "taskSlug": "notify-supply-submission-created",
              "taskID": "1",
              "input": {
                "eventId": "supply-submission-created:1"
              },
              "output": {},
              "state": "failed",
              "error": {
                "name": "Error",
                "stack":
                    Error: supply_submission_notification_delivery_failed
                        at Object.notify-supply-submission-created (payload-office-platform/.next/server/chunks/node_modules__pnpm_0_6pd12._.js:129:4771)
                        at process.processTicksAndRejections (node:internal/process/task_queues:103:5)
                        at async handler (payload-office-platform/.next/server/chunks/node_modules__pnpm_0_6pd12._.js:129:9780)
                        at async Z (payload-office-platform/.next/server/chunks/node_modules__pnpm_0_6pd12._.js:129:5663)
                        at async p (payload-office-platform/.next/server/chunks/node_modules__pnpm_0_6pd12._.js:129:10716)
                        at async Promise.all (index 0)
                        at async ee (payload-office-platform/.next/server/chunks/node_modules__pnpm_0_6pd12._.js:129:11427)
                        at async Object.run (payload-office-platform/.next/server/chunks/node_modules__pnpm_11o3zr1._.js:8:5757)
                        at async T.Cron.catch.logger.error.err [as fn] (payload-office-platform/.next/server/chunks/node_modules__pnpm_11o3zr1._.js:8:8113)
                        at async y._trigger (payload-office-platform/.next/server/chunks/node_modules__pnpm_0_6pd12._.js:128:79201)
                "message": "supply_submission_notification_delivery_failed",
                "cancelled": false
              }
            },
            {
              "id": "6a9e59ac4d12bdb24d0da1ec",
              "executedAt": "2026-09-07T06:29:00.045Z",
              "completedAt": "2026-09-07T06:29:00.068Z",
              "taskSlug": "notify-supply-submission-created",
              "taskID": "1",
              "input": {
                "eventId": "supply-submission-created:1"
              },
              "output": {},
              "state": "failed",
              "error": {
                "name": "Error",
                "stack":
                    Error: supply_submission_notification_delivery_failed
                        at Object.notify-supply-submission-created (payload-office-platform/.next/server/chunks/node_modules__pnpm_0_6pd12._.js:129:4771)
                        at process.processTicksAndRejections (node:internal/process/task_queues:103:5)
                        at async handler (payload-office-platform/.next/server/chunks/node_modules__pnpm_0_6pd12._.js:129:9780)
                        at async Z (payload-office-platform/.next/server/chunks/node_modules__pnpm_0_6pd12._.js:129:5663)
                        at async p (payload-office-platform/.next/server/chunks/node_modules__pnpm_0_6pd12._.js:129:10716)
                        at async Promise.all (index 0)
                        at async ee (payload-office-platform/.next/server/chunks/node_modules__pnpm_0_6pd12._.js:129:11427)
                        at async Object.run (payload-office-platform/.next/server/chunks/node_modules__pnpm_11o3zr1._.js:8:5757)
                        at async T.Cron.catch.logger.error.err [as fn] (payload-office-platform/.next/server/chunks/node_modules__pnpm_11o3zr1._.js:8:8113)
                        at async y._trigger (payload-office-platform/.next/server/chunks/node_modules__pnpm_0_6pd12._.js:128:79201)
                "message": "supply_submission_notification_delivery_failed",
                "cancelled": false
              }
            }
          ],
          "taskSlug": "notify-supply-submission-created",
          "queue": "supply-submission-notifications",
          "processing": true,
          "meta": null,
          "updatedAt": "2026-09-07T06:29:30.061Z",
          "createdAt": "2026-09-07T06:27:57.912Z",
          "taskStatus": {
            "notify-supply-submission-created": {
              "1": {
                "complete": false,
                "input": {
                  "eventId": "supply-submission-created:1"
                },
                "output": {},
                "taskSlug": "notify-supply-submission-created",
                "totalTried": 3
              }
            }
          },
          "waitUntil": "2026-09-07T06:30:10.088Z"
        },
        "output": {},
        "retriesConfig": {
          "attempts": 5,
          "backoff": {
            "type": "exponential",
            "delay": 5000
          }
        },
        "taskConfig": {
          "slug": "notify-supply-submission-created",
          "label": "投放申请通知",
          "inputSchema": [
            {
              "name": "eventId",
              "type": "text",
              "required": true
            }
          ],
          "outputSchema": [
            {
              "name": "delivered",
              "type": "number",
              "required": true
            }
          ],
          "retries": {
            "attempts": 5,
            "backoff": {
              "type": "exponential",
              "delay": 5000
            }
          }
        },
        "taskID": "1",
        "taskSlug": "notify-supply-submission-created",
        "taskStatus": {
          "complete": false,
          "input": {
            "eventId": "supply-submission-created:1"
          },
          "output": {},
          "taskSlug": "notify-supply-submission-created",
          "totalTried": 3
        },
        "workflowConfig": {
          "slug": "singleTask"
        }
      }
    }
[14:30:30] ERROR: Error running task 1. Attempt 5
    job: {
      "id": 24,
      "input": {
        "eventId": "supply-submission-created:1"
      },
      "completedAt": null,
      "totalTried": 4,
      "hasError": false,
      "error": null,
      "log": [
        {
          "id": "6a9e59704d12bdb24d0da0c8",
          "executedAt": "2026-09-07T06:28:00.134Z",
          "completedAt": "2026-09-07T06:28:00.151Z",
          "taskSlug": "notify-supply-submission-created",
          "taskID": "1",
          "input": {
            "eventId": "supply-submission-created:1"
          },
          "output": {},
          "state": "failed",
          "error": {
            "name": "Error",
            "stack": "Error: supply_submission_notification_delivery_failed\n    at Object.notify-supply-submission-created (payload-office-platform/.next/server/chunks/node_modules__pnpm_0_6pd12._.js:129:4771)\n    at process.processTicksAndRejections (node:internal/process/task_queues:103:5)\n    at async handler (payload-office-platform/.next/server/chunks/node_modules__pnpm_0_6pd12._.js:129:9780)\n    at async Z (payload-office-platform/.next/server/chunks/node_modules__pnpm_0_6pd12._.js:129:5663)\n    at async p (payload-office-platform/.next/server/chunks/node_modules__pnpm_0_6pd12._.js:129:10716)\n    at async Promise.all (index 0)\n    at async ee (payload-office-platform/.next/server/chunks/node_modules__pnpm_0_6pd12._.js:129:11427)\n    at async Object.run (payload-office-platform/.next/server/chunks/node_modules__pnpm_11o3zr1._.js:8:5757)\n    at async T.Cron.catch.logger.error.err [as fn] (payload-office-platform/.next/server/chunks/node_modules__pnpm_11o3zr1._.js:8:8113)\n    at async y._trigger (payload-office-platform/.next/server/chunks/node_modules__pnpm_0_6pd12._.js:128:79201)",
            "message": "supply_submission_notification_delivery_failed",
            "cancelled": false
          }
        },
        {
          "id": "6a9e598e4d12bdb24d0da1b7",
          "executedAt": "2026-09-07T06:28:30.109Z",
          "completedAt": "2026-09-07T06:28:30.118Z",
          "taskSlug": "notify-supply-submission-created",
          "taskID": "1",
          "input": {
            "eventId": "supply-submission-created:1"
          },
          "output": {},
          "state": "failed",
          "error": {
            "name": "Error",
            "stack": "Error: supply_submission_notification_delivery_failed\n    at Object.notify-supply-submission-created (payload-office-platform/.next/server/chunks/node_modules__pnpm_0_6pd12._.js:129:4771)\n    at process.processTicksAndRejections (node:internal/process/task_queues:103:5)\n    at async handler (payload-office-platform/.next/server/chunks/node_modules__pnpm_0_6pd12._.js:129:9780)\n    at async Z (payload-office-platform/.next/server/chunks/node_modules__pnpm_0_6pd12._.js:129:5663)\n    at async p (payload-office-platform/.next/server/chunks/node_modules__pnpm_0_6pd12._.js:129:10716)\n    at async Promise.all (index 0)\n    at async ee (payload-office-platform/.next/server/chunks/node_modules__pnpm_0_6pd12._.js:129:11427)\n    at async Object.run (payload-office-platform/.next/server/chunks/node_modules__pnpm_11o3zr1._.js:8:5757)\n    at async T.Cron.catch.logger.error.err [as fn] (payload-office-platform/.next/server/chunks/node_modules__pnpm_11o3zr1._.js:8:8113)\n    at async y._trigger (payload-office-platform/.next/server/chunks/node_modules__pnpm_0_6pd12._.js:128:79201)",
            "message": "supply_submission_notification_delivery_failed",
            "cancelled": false
          }
        },
        {
          "id": "6a9e59ac4d12bdb24d0da1ec",
          "executedAt": "2026-09-07T06:29:00.045Z",
          "completedAt": "2026-09-07T06:29:00.068Z",
          "taskSlug": "notify-supply-submission-created",
          "taskID": "1",
          "input": {
            "eventId": "supply-submission-created:1"
          },
          "output": {},
          "state": "failed",
          "error": {
            "name": "Error",
            "stack": "Error: supply_submission_notification_delivery_failed\n    at Object.notify-supply-submission-created (payload-office-platform/.next/server/chunks/node_modules__pnpm_0_6pd12._.js:129:4771)\n    at process.processTicksAndRejections (node:internal/process/task_queues:103:5)\n    at async handler (payload-office-platform/.next/server/chunks/node_modules__pnpm_0_6pd12._.js:129:9780)\n    at async Z (payload-office-platform/.next/server/chunks/node_modules__pnpm_0_6pd12._.js:129:5663)\n    at async p (payload-office-platform/.next/server/chunks/node_modules__pnpm_0_6pd12._.js:129:10716)\n    at async Promise.all (index 0)\n    at async ee (payload-office-platform/.next/server/chunks/node_modules__pnpm_0_6pd12._.js:129:11427)\n    at async Object.run (payload-office-platform/.next/server/chunks/node_modules__pnpm_11o3zr1._.js:8:5757)\n    at async T.Cron.catch.logger.error.err [as fn] (payload-office-platform/.next/server/chunks/node_modules__pnpm_11o3zr1._.js:8:8113)\n    at async y._trigger (payload-office-platform/.next/server/chunks/node_modules__pnpm_0_6pd12._.js:128:79201)",
            "message": "supply_submission_notification_delivery_failed",
            "cancelled": false
          }
        },
        {
          "id": "6a9e59ca4d12bdb24d0da1ef",
          "executedAt": "2026-09-07T06:29:30.071Z",
          "completedAt": "2026-09-07T06:29:30.088Z",
          "taskSlug": "notify-supply-submission-created",
          "taskID": "1",
          "input": {
            "eventId": "supply-submission-created:1"
          },
          "output": {},
          "state": "failed",
          "error": {
            "name": "Error",
            "stack": "Error: supply_submission_notification_delivery_failed\n    at Object.notify-supply-submission-created (payload-office-platform/.next/server/chunks/node_modules__pnpm_0_6pd12._.js:129:4771)\n    at process.processTicksAndRejections (node:internal/process/task_queues:103:5)\n    at async handler (payload-office-platform/.next/server/chunks/node_modules__pnpm_0_6pd12._.js:129:9780)\n    at async Z (payload-office-platform/.next/server/chunks/node_modules__pnpm_0_6pd12._.js:129:5663)\n    at async p (payload-office-platform/.next/server/chunks/node_modules__pnpm_0_6pd12._.js:129:10716)\n    at async Promise.all (index 0)\n    at async ee (payload-office-platform/.next/server/chunks/node_modules__pnpm_0_6pd12._.js:129:11427)\n    at async Object.run (payload-office-platform/.next/server/chunks/node_modules__pnpm_11o3zr1._.js:8:5757)\n    at async T.Cron.catch.logger.error.err [as fn] (payload-office-platform/.next/server/chunks/node_modules__pnpm_11o3zr1._.js:8:8113)\n    at async y._trigger (payload-office-platform/.next/server/chunks/node_modules__pnpm_0_6pd12._.js:128:79201)",
            "message": "supply_submission_notification_delivery_failed",
            "cancelled": false
          }
        }
      ],
      "taskSlug": "notify-supply-submission-created",
      "queue": "supply-submission-notifications",
      "processing": true,
      "meta": null,
      "updatedAt": "2026-09-07T06:30:30.011Z",
      "createdAt": "2026-09-07T06:27:57.912Z",
      "taskStatus": {
        "notify-supply-submission-created": {
          "1": {
            "complete": false,
            "input": {
              "eventId": "supply-submission-created:1"
            },
            "output": {},
            "taskSlug": "notify-supply-submission-created",
            "totalTried": 4
          }
        }
      },
      "waitUntil": "2026-09-07T06:31:50.049Z"
    }
    taskSlug: "notify-supply-submission-created"
    err: {
      "type": "U",
      "message": "supply_submission_notification_delivery_failed",
      "stack":
          Error: supply_submission_notification_delivery_failed
              at Object.notify-supply-submission-created (payload-office-platform/.next/server/chunks/node_modules__pnpm_0_6pd12._.js:129:4771)
              at process.processTicksAndRejections (node:internal/process/task_queues:103:5)
              at async handler (payload-office-platform/.next/server/chunks/node_modules__pnpm_0_6pd12._.js:129:9780)
              at async Z (payload-office-platform/.next/server/chunks/node_modules__pnpm_0_6pd12._.js:129:5663)
              at async p (payload-office-platform/.next/server/chunks/node_modules__pnpm_0_6pd12._.js:129:10716)
              at async Promise.all (index 0)
              at async ee (payload-office-platform/.next/server/chunks/node_modules__pnpm_0_6pd12._.js:129:11427)
              at async Object.run (payload-office-platform/.next/server/chunks/node_modules__pnpm_11o3zr1._.js:8:5757)
              at async T.Cron.catch.logger.error.err [as fn] (payload-office-platform/.next/server/chunks/node_modules__pnpm_11o3zr1._.js:8:8113)
              at async y._trigger (payload-office-platform/.next/server/chunks/node_modules__pnpm_0_6pd12._.js:128:79201)
      "args": {
        "type": "Object",
        "message": "supply_submission_notification_delivery_failed",
        "stack":

        "executedAt": "2026-09-07T06:30:30.028Z",
        "input": {
          "eventId": "supply-submission-created:1"
        },
        "job": {
          "id": 24,
          "input": {
            "eventId": "supply-submission-created:1"
          },
          "completedAt": null,
          "totalTried": 4,
          "hasError": false,
          "error": null,
          "log": [
            {
              "id": "6a9e59704d12bdb24d0da0c8",
              "executedAt": "2026-09-07T06:28:00.134Z",
              "completedAt": "2026-09-07T06:28:00.151Z",
              "taskSlug": "notify-supply-submission-created",
              "taskID": "1",
              "input": {
                "eventId": "supply-submission-created:1"
              },
              "output": {},
              "state": "failed",
              "error": {
                "name": "Error",
                "stack":
                    Error: supply_submission_notification_delivery_failed
                        at Object.notify-supply-submission-created (payload-office-platform/.next/server/chunks/node_modules__pnpm_0_6pd12._.js:129:4771)
                        at process.processTicksAndRejections (node:internal/process/task_queues:103:5)
                        at async handler (payload-office-platform/.next/server/chunks/node_modules__pnpm_0_6pd12._.js:129:9780)
                        at async Z (payload-office-platform/.next/server/chunks/node_modules__pnpm_0_6pd12._.js:129:5663)
                        at async p (payload-office-platform/.next/server/chunks/node_modules__pnpm_0_6pd12._.js:129:10716)
                        at async Promise.all (index 0)
                        at async ee (payload-office-platform/.next/server/chunks/node_modules__pnpm_0_6pd12._.js:129:11427)
                        at async Object.run (payload-office-platform/.next/server/chunks/node_modules__pnpm_11o3zr1._.js:8:5757)
                        at async T.Cron.catch.logger.error.err [as fn] (payload-office-platform/.next/server/chunks/node_modules__pnpm_11o3zr1._.js:8:8113)
                        at async y._trigger (payload-office-platform/.next/server/chunks/node_modules__pnpm_0_6pd12._.js:128:79201)
                "message": "supply_submission_notification_delivery_failed",
                "cancelled": false
              }
            },
            {
              "id": "6a9e598e4d12bdb24d0da1b7",
              "executedAt": "2026-09-07T06:28:30.109Z",
              "completedAt": "2026-09-07T06:28:30.118Z",
              "taskSlug": "notify-supply-submission-created",
              "taskID": "1",
              "input": {
                "eventId": "supply-submission-created:1"
              },
              "output": {},
              "state": "failed",
              "error": {
                "name": "Error",
                "stack":
                    Error: supply_submission_notification_delivery_failed
                        at Object.notify-supply-submission-created (payload-office-platform/.next/server/chunks/node_modules__pnpm_0_6pd12._.js:129:4771)
                        at process.processTicksAndRejections (node:internal/process/task_queues:103:5)
                        at async handler (payload-office-platform/.next/server/chunks/node_modules__pnpm_0_6pd12._.js:129:9780)
                        at async Z (payload-office-platform/.next/server/chunks/node_modules__pnpm_0_6pd12._.js:129:5663)
                        at async p (payload-office-platform/.next/server/chunks/node_modules__pnpm_0_6pd12._.js:129:10716)
                        at async Promise.all (index 0)
                        at async ee (payload-office-platform/.next/server/chunks/node_modules__pnpm_0_6pd12._.js:129:11427)
                        at async Object.run (payload-office-platform/.next/server/chunks/node_modules__pnpm_11o3zr1._.js:8:5757)
                        at async T.Cron.catch.logger.error.err [as fn] (payload-office-platform/.next/server/chunks/node_modules__pnpm_11o3zr1._.js:8:8113)
                        at async y._trigger (payload-office-platform/.next/server/chunks/node_modules__pnpm_0_6pd12._.js:128:79201)
                "message": "supply_submission_notification_delivery_failed",
                "cancelled": false
              }
            },
            {
              "id": "6a9e59ac4d12bdb24d0da1ec",
              "executedAt": "2026-09-07T06:29:00.045Z",
              "completedAt": "2026-09-07T06:29:00.068Z",
              "taskSlug": "notify-supply-submission-created",
              "taskID": "1",
              "input": {
                "eventId": "supply-submission-created:1"
              },
              "output": {},
              "state": "failed",
              "error": {
                "name": "Error",
                "stack":
                    Error: supply_submission_notification_delivery_failed
                        at Object.notify-supply-submission-created (payload-office-platform/.next/server/chunks/node_modules__pnpm_0_6pd12._.js:129:4771)
                        at process.processTicksAndRejections (node:internal/process/task_queues:103:5)
                        at async handler (payload-office-platform/.next/server/chunks/node_modules__pnpm_0_6pd12._.js:129:9780)
                        at async Z (payload-office-platform/.next/server/chunks/node_modules__pnpm_0_6pd12._.js:129:5663)
                        at async p (payload-office-platform/.next/server/chunks/node_modules__pnpm_0_6pd12._.js:129:10716)
                        at async Promise.all (index 0)
                        at async ee (payload-office-platform/.next/server/chunks/node_modules__pnpm_0_6pd12._.js:129:11427)
                        at async Object.run (payload-office-platform/.next/server/chunks/node_modules__pnpm_11o3zr1._.js:8:5757)
                        at async T.Cron.catch.logger.error.err [as fn] (payload-office-platform/.next/server/chunks/node_modules__pnpm_11o3zr1._.js:8:8113)
                        at async y._trigger (payload-office-platform/.next/server/chunks/node_modules__pnpm_0_6pd12._.js:128:79201)
                "message": "supply_submission_notification_delivery_failed",
                "cancelled": false
              }
            },
            {
              "id": "6a9e59ca4d12bdb24d0da1ef",
              "executedAt": "2026-09-07T06:29:30.071Z",
              "completedAt": "2026-09-07T06:29:30.088Z",
              "taskSlug": "notify-supply-submission-created",
              "taskID": "1",
              "input": {
                "eventId": "supply-submission-created:1"
              },
              "output": {},
              "state": "failed",
              "error": {
                "name": "Error",
                "stack":
                    Error: supply_submission_notification_delivery_failed
                        at Object.notify-supply-submission-created (payload-office-platform/.next/server/chunks/node_modules__pnpm_0_6pd12._.js:129:4771)
                        at process.processTicksAndRejections (node:internal/process/task_queues:103:5)
                        at async handler (payload-office-platform/.next/server/chunks/node_modules__pnpm_0_6pd12._.js:129:9780)
                        at async Z (payload-office-platform/.next/server/chunks/node_modules__pnpm_0_6pd12._.js:129:5663)
                        at async p (payload-office-platform/.next/server/chunks/node_modules__pnpm_0_6pd12._.js:129:10716)
                        at async Promise.all (index 0)
                        at async ee (payload-office-platform/.next/server/chunks/node_modules__pnpm_0_6pd12._.js:129:11427)
                        at async Object.run (payload-office-platform/.next/server/chunks/node_modules__pnpm_11o3zr1._.js:8:5757)
                        at async T.Cron.catch.logger.error.err [as fn] (payload-office-platform/.next/server/chunks/node_modules__pnpm_11o3zr1._.js:8:8113)
                        at async y._trigger (payload-office-platform/.next/server/chunks/node_modules__pnpm_0_6pd12._.js:128:79201)
                "message": "supply_submission_notification_delivery_failed",
                "cancelled": false
              }
            }
          ],
          "taskSlug": "notify-supply-submission-created",
          "queue": "supply-submission-notifications",
          "processing": true,
          "meta": null,
          "updatedAt": "2026-09-07T06:30:30.011Z",
          "createdAt": "2026-09-07T06:27:57.912Z",
          "taskStatus": {
            "notify-supply-submission-created": {
              "1": {
                "complete": false,
                "input": {
                  "eventId": "supply-submission-created:1"
                },
                "output": {},
                "taskSlug": "notify-supply-submission-created",
                "totalTried": 4
              }
            }
          },
          "waitUntil": "2026-09-07T06:31:50.049Z"
        },
        "output": {},
        "retriesConfig": {
          "attempts": 5,
          "backoff": {
            "type": "exponential",
            "delay": 5000
          }
        },
        "taskConfig": {
          "slug": "notify-supply-submission-created",
          "label": "投放申请通知",
          "inputSchema": [
            {
              "name": "eventId",
              "type": "text",
              "required": true
            }
          ],
          "outputSchema": [
            {
              "name": "delivered",
              "type": "number",
              "required": true
            }
          ],
          "retries": {
            "attempts": 5,
            "backoff": {
              "type": "exponential",
              "delay": 5000
            }
          }
        },
        "taskID": "1",
        "taskSlug": "notify-supply-submission-created",
        "taskStatus": {
          "complete": false,
          "input": {
            "eventId": "supply-submission-created:1"
          },
          "output": {},
          "taskSlug": "notify-supply-submission-created",
          "totalTried": 4
        },
        "workflowConfig": {
          "slug": "singleTask"
        }
      }
    }
{"stoppedAt":"2026-09-07T06:30:31.613Z","exitCode":130,"signal":null}
{"phase":"e2e-false","database":"sbh_dev_mp108_fresh","candidateSha":"e2d2666eaf8d6d1ec1850c7d0fff8eb8f3d4e09f","startedAt":"2026-09-07T06:33:06.171Z","ci":true,"instrumentation":"Node HTTP finish observer; no bodies or query logged"}
▲ Next.js 16.2.10
- Local:         http://127.0.0.1:3717
- Network:       http://127.0.0.1:3717
✓ Ready in 135ms
[14:33:09] WARN: No email adapter provided. Email will be written to console. More info at https://payloadcms.com/docs/email/overview.
[MP108_ACCESS] {"at":"2026-09-07T06:33:09.494Z","method":"GET","path":"/api/health","status":200,"requestId":null}
[MP108_ACCESS] {"at":"2026-09-07T06:33:09.982Z","method":"GET","path":"/api/health","status":200,"requestId":null}
[MP108_ACCESS] {"at":"2026-09-07T06:33:09.989Z","method":"GET","path":"/api/health","status":200,"requestId":null}
[14:33:26] ERROR: 您无权执行此操作。
    err: {
      "type": "o",
      "message": "您无权执行此操作。",
      "stack":
          o: 您无权执行此操作。
              at N (payload-office-platform/.next/server/chunks/node_modules__pnpm_0_6pd12._.js:9:50835)
              at process.processTicksAndRejections (node:internal/process/task_queues:103:5)
              at async ey (payload-office-platform/.next/server/chunks/node_modules__pnpm_0_6pd12._.js:129:37827)
              at async e1 (payload-office-platform/.next/server/chunks/node_modules__pnpm_0_6pd12._.js:155:58481)
              at async h (payload-office-platform/.next/server/chunks/node_modules__pnpm_0lgz3ff._.js:1:18431)
              at async payload-office-platform/.next/server/chunks/node_modules__pnpm_0wwnffj._.js:1:8806
              at async rJ.do (payload-office-platform/node_modules/.pnpm/next@16.2.10_@babel+core@7.29.7_@playwright+test@1.61.1_react-dom@19.2.0_react@19.2.0/node_modules/next/dist/compiled/next-server/app-route-turbo.runtime.prod.js:5:20930)
              at async rJ.handle (payload-office-platform/node_modules/.pnpm/next@16.2.10_@babel+core@7.29.7_@playwright+test@1.61.1_react-dom@19.2.0_react@19.2.0/node_modules/next/dist/compiled/next-server/app-route-turbo.runtime.prod.js:5:25785)
              at async u (payload-office-platform/.next/server/chunks/[root-of-the-server]__0pkvhx_._.js:1:19227)
              at async rJ.handleResponse (payload-office-platform/node_modules/.pnpm/next@16.2.10_@babel+core@7.29.7_@playwright+test@1.61.1_react-dom@19.2.0_react@19.2.0/node_modules/next/dist/compiled/next-server/app-route-turbo.runtime.prod.js:1:119701)
              at async l (payload-office-platform/.next/server/chunks/[root-of-the-server]__0pkvhx_._.js:1:20268)
              at async Module.w [as handler] (payload-office-platform/.next/server/chunks/[root-of-the-server]__0pkvhx_._.js:1:21375)
              at async NextNodeServer.renderToResponseWithComponentsImpl (payload-office-platform/node_modules/.pnpm/next@16.2.10_@babel+core@7.29.7_@playwright+test@1.61.1_react-dom@19.2.0_react@19.2.0/node_modules/next/dist/server/base-server.js:1462:9)
              at async NextNodeServer.renderPageComponent (payload-office-platform/node_modules/.pnpm/next@16.2.10_@babel+core@7.29.7_@playwright+test@1.61.1_react-dom@19.2.0_react@19.2.0/node_modules/next/dist/server/base-server.js:1514:24)
              at async NextNodeServer.renderToResponseImpl (payload-office-platform/node_modules/.pnpm/next@16.2.10_@babel+core@7.29.7_@playwright+test@1.61.1_react-dom@19.2.0_react@19.2.0/node_modules/next/dist/server/base-server.js:1564:32)
              at async NextNodeServer.pipeImpl (payload-office-platform/node_modules/.pnpm/next@16.2.10_@babel+core@7.29.7_@playwright+test@1.61.1_react-dom@19.2.0_react@19.2.0/node_modules/next/dist/server/base-server.js:1044:25)
              at async NextNodeServer.handleCatchallRenderRequest (payload-office-platform/node_modules/.pnpm/next@16.2.10_@babel+core@7.29.7_@playwright+test@1.61.1_react-dom@19.2.0_react@19.2.0/node_modules/next/dist/server/next-server.js:338:17)
              at async NextNodeServer.handleRequestImpl (payload-office-platform/node_modules/.pnpm/next@16.2.10_@babel+core@7.29.7_@playwright+test@1.61.1_react-dom@19.2.0_react@19.2.0/node_modules/next/dist/server/base-server.js:935:17)
              at async invokeRender (payload-office-platform/node_modules/.pnpm/next@16.2.10_@babel+core@7.29.7_@playwright+test@1.61.1_react-dom@19.2.0_react@19.2.0/node_modules/next/dist/server/lib/router-server.js:266:21)
              at async handleRequest (payload-office-platform/node_modules/.pnpm/next@16.2.10_@babel+core@7.29.7_@playwright+test@1.61.1_react-dom@19.2.0_react@19.2.0/node_modules/next/dist/server/lib/router-server.js:465:24)
              at async requestHandlerImpl (payload-office-platform/node_modules/.pnpm/next@16.2.10_@babel+core@7.29.7_@playwright+test@1.61.1_react-dom@19.2.0_react@19.2.0/node_modules/next/dist/server/lib/router-server.js:514:13)
              at async Server.requestListener (payload-office-platform/node_modules/.pnpm/next@16.2.10_@babel+core@7.29.7_@playwright+test@1.61.1_react-dom@19.2.0_react@19.2.0/node_modules/next/dist/server/lib/start-server.js:225:13)
      "data": null,
      "isOperational": true,
      "isPublic": true,
      "status": 403,
      "name": "o"
    }
[14:33:26] ERROR: 您无权执行此操作。
    err: {
      "type": "o",
      "message": "您无权执行此操作。",
      "stack":
          o: 您无权执行此操作。
              at N (payload-office-platform/.next/server/chunks/node_modules__pnpm_0_6pd12._.js:9:50835)
              at process.processTicksAndRejections (node:internal/process/task_queues:103:5)
              at async ey (payload-office-platform/.next/server/chunks/node_modules__pnpm_0_6pd12._.js:129:37827)
              at async e1 (payload-office-platform/.next/server/chunks/node_modules__pnpm_0_6pd12._.js:155:58481)
              at async h (payload-office-platform/.next/server/chunks/node_modules__pnpm_0lgz3ff._.js:1:18431)
              at async payload-office-platform/.next/server/chunks/node_modules__pnpm_0wwnffj._.js:1:8806
              at async rJ.do (payload-office-platform/node_modules/.pnpm/next@16.2.10_@babel+core@7.29.7_@playwright+test@1.61.1_react-dom@19.2.0_react@19.2.0/node_modules/next/dist/compiled/next-server/app-route-turbo.runtime.prod.js:5:20930)
              at async rJ.handle (payload-office-platform/node_modules/.pnpm/next@16.2.10_@babel+core@7.29.7_@playwright+test@1.61.1_react-dom@19.2.0_react@19.2.0/node_modules/next/dist/compiled/next-server/app-route-turbo.runtime.prod.js:5:25785)
              at async u (payload-office-platform/.next/server/chunks/[root-of-the-server]__0pkvhx_._.js:1:19227)
              at async rJ.handleResponse (payload-office-platform/node_modules/.pnpm/next@16.2.10_@babel+core@7.29.7_@playwright+test@1.61.1_react-dom@19.2.0_react@19.2.0/node_modules/next/dist/compiled/next-server/app-route-turbo.runtime.prod.js:1:119701)
              at async l (payload-office-platform/.next/server/chunks/[root-of-the-server]__0pkvhx_._.js:1:20268)
              at async Module.w [as handler] (payload-office-platform/.next/server/chunks/[root-of-the-server]__0pkvhx_._.js:1:21375)
              at async NextNodeServer.renderToResponseWithComponentsImpl (payload-office-platform/node_modules/.pnpm/next@16.2.10_@babel+core@7.29.7_@playwright+test@1.61.1_react-dom@19.2.0_react@19.2.0/node_modules/next/dist/server/base-server.js:1462:9)
              at async NextNodeServer.renderPageComponent (payload-office-platform/node_modules/.pnpm/next@16.2.10_@babel+core@7.29.7_@playwright+test@1.61.1_react-dom@19.2.0_react@19.2.0/node_modules/next/dist/server/base-server.js:1514:24)
              at async NextNodeServer.renderToResponseImpl (payload-office-platform/node_modules/.pnpm/next@16.2.10_@babel+core@7.29.7_@playwright+test@1.61.1_react-dom@19.2.0_react@19.2.0/node_modules/next/dist/server/base-server.js:1564:32)
              at async NextNodeServer.pipeImpl (payload-office-platform/node_modules/.pnpm/next@16.2.10_@babel+core@7.29.7_@playwright+test@1.61.1_react-dom@19.2.0_react@19.2.0/node_modules/next/dist/server/base-server.js:1044:25)
              at async NextNodeServer.handleCatchallRenderRequest (payload-office-platform/node_modules/.pnpm/next@16.2.10_@babel+core@7.29.7_@playwright+test@1.61.1_react-dom@19.2.0_react@19.2.0/node_modules/next/dist/server/next-server.js:338:17)
              at async NextNodeServer.handleRequestImpl (payload-office-platform/node_modules/.pnpm/next@16.2.10_@babel+core@7.29.7_@playwright+test@1.61.1_react-dom@19.2.0_react@19.2.0/node_modules/next/dist/server/base-server.js:935:17)
              at async invokeRender (payload-office-platform/node_modules/.pnpm/next@16.2.10_@babel+core@7.29.7_@playwright+test@1.61.1_react-dom@19.2.0_react@19.2.0/node_modules/next/dist/server/lib/router-server.js:266:21)
              at async handleRequest (payload-office-platform/node_modules/.pnpm/next@16.2.10_@babel+core@7.29.7_@playwright+test@1.61.1_react-dom@19.2.0_react@19.2.0/node_modules/next/dist/server/lib/router-server.js:465:24)
              at async requestHandlerImpl (payload-office-platform/node_modules/.pnpm/next@16.2.10_@babel+core@7.29.7_@playwright+test@1.61.1_react-dom@19.2.0_react@19.2.0/node_modules/next/dist/server/lib/router-server.js:514:13)
              at async Server.requestListener (payload-office-platform/node_modules/.pnpm/next@16.2.10_@babel+core@7.29.7_@playwright+test@1.61.1_react-dom@19.2.0_react@19.2.0/node_modules/next/dist/server/lib/start-server.js:225:13)
      "data": null,
      "isOperational": true,
      "isPublic": true,
      "status": 403,
      "name": "o"
    }
[14:33:27] ERROR: 您无权执行此操作。
    err: {
      "type": "o",
      "message": "您无权执行此操作。",
      "stack":
          o: 您无权执行此操作。
              at N (payload-office-platform/.next/server/chunks/node_modules__pnpm_0_6pd12._.js:9:50835)
              at process.processTicksAndRejections (node:internal/process/task_queues:103:5)
              at async ey (payload-office-platform/.next/server/chunks/node_modules__pnpm_0_6pd12._.js:129:37827)
              at async e1 (payload-office-platform/.next/server/chunks/node_modules__pnpm_0_6pd12._.js:155:58481)
              at async h (payload-office-platform/.next/server/chunks/node_modules__pnpm_0lgz3ff._.js:1:18431)
              at async payload-office-platform/.next/server/chunks/node_modules__pnpm_0wwnffj._.js:1:8806
              at async rJ.do (payload-office-platform/node_modules/.pnpm/next@16.2.10_@babel+core@7.29.7_@playwright+test@1.61.1_react-dom@19.2.0_react@19.2.0/node_modules/next/dist/compiled/next-server/app-route-turbo.runtime.prod.js:5:20930)
              at async rJ.handle (payload-office-platform/node_modules/.pnpm/next@16.2.10_@babel+core@7.29.7_@playwright+test@1.61.1_react-dom@19.2.0_react@19.2.0/node_modules/next/dist/compiled/next-server/app-route-turbo.runtime.prod.js:5:25785)
              at async u (payload-office-platform/.next/server/chunks/[root-of-the-server]__0pkvhx_._.js:1:19227)
              at async rJ.handleResponse (payload-office-platform/node_modules/.pnpm/next@16.2.10_@babel+core@7.29.7_@playwright+test@1.61.1_react-dom@19.2.0_react@19.2.0/node_modules/next/dist/compiled/next-server/app-route-turbo.runtime.prod.js:1:119701)
              at async l (payload-office-platform/.next/server/chunks/[root-of-the-server]__0pkvhx_._.js:1:20268)
              at async Module.w [as handler] (payload-office-platform/.next/server/chunks/[root-of-the-server]__0pkvhx_._.js:1:21375)
              at async NextNodeServer.renderToResponseWithComponentsImpl (payload-office-platform/node_modules/.pnpm/next@16.2.10_@babel+core@7.29.7_@playwright+test@1.61.1_react-dom@19.2.0_react@19.2.0/node_modules/next/dist/server/base-server.js:1462:9)
              at async NextNodeServer.renderPageComponent (payload-office-platform/node_modules/.pnpm/next@16.2.10_@babel+core@7.29.7_@playwright+test@1.61.1_react-dom@19.2.0_react@19.2.0/node_modules/next/dist/server/base-server.js:1514:24)
              at async NextNodeServer.renderToResponseImpl (payload-office-platform/node_modules/.pnpm/next@16.2.10_@babel+core@7.29.7_@playwright+test@1.61.1_react-dom@19.2.0_react@19.2.0/node_modules/next/dist/server/base-server.js:1564:32)
              at async NextNodeServer.pipeImpl (payload-office-platform/node_modules/.pnpm/next@16.2.10_@babel+core@7.29.7_@playwright+test@1.61.1_react-dom@19.2.0_react@19.2.0/node_modules/next/dist/server/base-server.js:1044:25)
              at async NextNodeServer.handleCatchallRenderRequest (payload-office-platform/node_modules/.pnpm/next@16.2.10_@babel+core@7.29.7_@playwright+test@1.61.1_react-dom@19.2.0_react@19.2.0/node_modules/next/dist/server/next-server.js:338:17)
              at async NextNodeServer.handleRequestImpl (payload-office-platform/node_modules/.pnpm/next@16.2.10_@babel+core@7.29.7_@playwright+test@1.61.1_react-dom@19.2.0_react@19.2.0/node_modules/next/dist/server/base-server.js:935:17)
              at async invokeRender (payload-office-platform/node_modules/.pnpm/next@16.2.10_@babel+core@7.29.7_@playwright+test@1.61.1_react-dom@19.2.0_react@19.2.0/node_modules/next/dist/server/lib/router-server.js:266:21)
              at async handleRequest (payload-office-platform/node_modules/.pnpm/next@16.2.10_@babel+core@7.29.7_@playwright+test@1.61.1_react-dom@19.2.0_react@19.2.0/node_modules/next/dist/server/lib/router-server.js:465:24)
              at async requestHandlerImpl (payload-office-platform/node_modules/.pnpm/next@16.2.10_@babel+core@7.29.7_@playwright+test@1.61.1_react-dom@19.2.0_react@19.2.0/node_modules/next/dist/server/lib/router-server.js:514:13)
              at async Server.requestListener (payload-office-platform/node_modules/.pnpm/next@16.2.10_@babel+core@7.29.7_@playwright+test@1.61.1_react-dom@19.2.0_react@19.2.0/node_modules/next/dist/server/lib/start-server.js:225:13)
      "data": null,
      "isOperational": true,
      "isPublic": true,
      "status": 403,
      "name": "o"
    }
[14:33:27] ERROR: 您无权执行此操作。
    err: {
      "type": "o",
      "message": "您无权执行此操作。",
      "stack":
          o: 您无权执行此操作。
              at N (payload-office-platform/.next/server/chunks/node_modules__pnpm_0_6pd12._.js:9:50835)
              at process.processTicksAndRejections (node:internal/process/task_queues:103:5)
              at async ey (payload-office-platform/.next/server/chunks/node_modules__pnpm_0_6pd12._.js:129:37827)
              at async e1 (payload-office-platform/.next/server/chunks/node_modules__pnpm_0_6pd12._.js:155:58481)
              at async h (payload-office-platform/.next/server/chunks/node_modules__pnpm_0lgz3ff._.js:1:18431)
              at async payload-office-platform/.next/server/chunks/node_modules__pnpm_0wwnffj._.js:1:8806
              at async rJ.do (payload-office-platform/node_modules/.pnpm/next@16.2.10_@babel+core@7.29.7_@playwright+test@1.61.1_react-dom@19.2.0_react@19.2.0/node_modules/next/dist/compiled/next-server/app-route-turbo.runtime.prod.js:5:20930)
              at async rJ.handle (payload-office-platform/node_modules/.pnpm/next@16.2.10_@babel+core@7.29.7_@playwright+test@1.61.1_react-dom@19.2.0_react@19.2.0/node_modules/next/dist/compiled/next-server/app-route-turbo.runtime.prod.js:5:25785)
              at async u (payload-office-platform/.next/server/chunks/[root-of-the-server]__0pkvhx_._.js:1:19227)
              at async rJ.handleResponse (payload-office-platform/node_modules/.pnpm/next@16.2.10_@babel+core@7.29.7_@playwright+test@1.61.1_react-dom@19.2.0_react@19.2.0/node_modules/next/dist/compiled/next-server/app-route-turbo.runtime.prod.js:1:119701)
              at async l (payload-office-platform/.next/server/chunks/[root-of-the-server]__0pkvhx_._.js:1:20268)
              at async Module.w [as handler] (payload-office-platform/.next/server/chunks/[root-of-the-server]__0pkvhx_._.js:1:21375)
              at async NextNodeServer.renderToResponseWithComponentsImpl (payload-office-platform/node_modules/.pnpm/next@16.2.10_@babel+core@7.29.7_@playwright+test@1.61.1_react-dom@19.2.0_react@19.2.0/node_modules/next/dist/server/base-server.js:1462:9)
              at async NextNodeServer.renderPageComponent (payload-office-platform/node_modules/.pnpm/next@16.2.10_@babel+core@7.29.7_@playwright+test@1.61.1_react-dom@19.2.0_react@19.2.0/node_modules/next/dist/server/base-server.js:1514:24)
              at async NextNodeServer.renderToResponseImpl (payload-office-platform/node_modules/.pnpm/next@16.2.10_@babel+core@7.29.7_@playwright+test@1.61.1_react-dom@19.2.0_react@19.2.0/node_modules/next/dist/server/base-server.js:1564:32)
              at async NextNodeServer.pipeImpl (payload-office-platform/node_modules/.pnpm/next@16.2.10_@babel+core@7.29.7_@playwright+test@1.61.1_react-dom@19.2.0_react@19.2.0/node_modules/next/dist/server/base-server.js:1044:25)
              at async NextNodeServer.handleCatchallRenderRequest (payload-office-platform/node_modules/.pnpm/next@16.2.10_@babel+core@7.29.7_@playwright+test@1.61.1_react-dom@19.2.0_react@19.2.0/node_modules/next/dist/server/next-server.js:338:17)
              at async NextNodeServer.handleRequestImpl (payload-office-platform/node_modules/.pnpm/next@16.2.10_@babel+core@7.29.7_@playwright+test@1.61.1_react-dom@19.2.0_react@19.2.0/node_modules/next/dist/server/base-server.js:935:17)
              at async invokeRender (payload-office-platform/node_modules/.pnpm/next@16.2.10_@babel+core@7.29.7_@playwright+test@1.61.1_react-dom@19.2.0_react@19.2.0/node_modules/next/dist/server/lib/router-server.js:266:21)
              at async handleRequest (payload-office-platform/node_modules/.pnpm/next@16.2.10_@babel+core@7.29.7_@playwright+test@1.61.1_react-dom@19.2.0_react@19.2.0/node_modules/next/dist/server/lib/router-server.js:465:24)
              at async requestHandlerImpl (payload-office-platform/node_modules/.pnpm/next@16.2.10_@babel+core@7.29.7_@playwright+test@1.61.1_react-dom@19.2.0_react@19.2.0/node_modules/next/dist/server/lib/router-server.js:514:13)
              at async Server.requestListener (payload-office-platform/node_modules/.pnpm/next@16.2.10_@babel+core@7.29.7_@playwright+test@1.61.1_react-dom@19.2.0_react@19.2.0/node_modules/next/dist/server/lib/start-server.js:225:13)
      "data": null,
      "isOperational": true,
      "isPublic": true,
      "status": 403,
      "name": "o"
    }
[14:33:30] ERROR: Error running task 1. Attempt 6 - max retries reached
    job: {
      "id": 24,
      "input": {
        "eventId": "supply-submission-created:1"
      },
      "completedAt": null,
      "totalTried": 6,
      "hasError": true,
      "error": {
        "name": "Error",
        "stack": "Error: supply_submission_notification_delivery_failed\n    at Object.notify-supply-submission-created (payload-office-platform/.next/server/chunks/node_modules__pnpm_0_6pd12._.js:129:4771)\n    at process.processTicksAndRejections (node:internal/process/task_queues:103:5)\n    at async handler (payload-office-platform/.next/server/chunks/node_modules__pnpm_0_6pd12._.js:129:9780)\n    at async Z (payload-office-platform/.next/server/chunks/node_modules__pnpm_0_6pd12._.js:129:5663)\n    at async p (payload-office-platform/.next/server/chunks/node_modules__pnpm_0_6pd12._.js:129:10716)\n    at async Promise.all (index 0)\n    at async ee (payload-office-platform/.next/server/chunks/node_modules__pnpm_0_6pd12._.js:129:11427)\n    at async Object.run (payload-office-platform/.next/server/chunks/node_modules__pnpm_11o3zr1._.js:8:5757)\n    at async T.Cron.catch.logger.error.err [as fn] (payload-office-platform/.next/server/chunks/node_modules__pnpm_11o3zr1._.js:8:8113)\n    at async y._trigger (payload-office-platform/.next/server/chunks/node_modules__pnpm_0_6pd12._.js:128:79201)",
        "message": "supply_submission_notification_delivery_failed",
        "cancelled": false
      },
      "log": [
        {
          "id": "6a9e59704d12bdb24d0da0c8",
          "executedAt": "2026-09-07T06:28:00.134Z",
          "completedAt": "2026-09-07T06:28:00.151Z",
          "taskSlug": "notify-supply-submission-created",
          "taskID": "1",
          "input": {
            "eventId": "supply-submission-created:1"
          },
          "output": {},
          "state": "failed",
          "error": {
            "name": "Error",
            "stack": "Error: supply_submission_notification_delivery_failed\n    at Object.notify-supply-submission-created (payload-office-platform/.next/server/chunks/node_modules__pnpm_0_6pd12._.js:129:4771)\n    at process.processTicksAndRejections (node:internal/process/task_queues:103:5)\n    at async handler (payload-office-platform/.next/server/chunks/node_modules__pnpm_0_6pd12._.js:129:9780)\n    at async Z (payload-office-platform/.next/server/chunks/node_modules__pnpm_0_6pd12._.js:129:5663)\n    at async p (payload-office-platform/.next/server/chunks/node_modules__pnpm_0_6pd12._.js:129:10716)\n    at async Promise.all (index 0)\n    at async ee (payload-office-platform/.next/server/chunks/node_modules__pnpm_0_6pd12._.js:129:11427)\n    at async Object.run (payload-office-platform/.next/server/chunks/node_modules__pnpm_11o3zr1._.js:8:5757)\n    at async T.Cron.catch.logger.error.err [as fn] (payload-office-platform/.next/server/chunks/node_modules__pnpm_11o3zr1._.js:8:8113)\n    at async y._trigger (payload-office-platform/.next/server/chunks/node_modules__pnpm_0_6pd12._.js:128:79201)",
            "message": "supply_submission_notification_delivery_failed",
            "cancelled": false
          }
        },
        {
          "id": "6a9e598e4d12bdb24d0da1b7",
          "executedAt": "2026-09-07T06:28:30.109Z",
          "completedAt": "2026-09-07T06:28:30.118Z",
          "taskSlug": "notify-supply-submission-created",
          "taskID": "1",
          "input": {
            "eventId": "supply-submission-created:1"
          },
          "output": {},
          "state": "failed",
          "error": {
            "name": "Error",
            "stack": "Error: supply_submission_notification_delivery_failed\n    at Object.notify-supply-submission-created (payload-office-platform/.next/server/chunks/node_modules__pnpm_0_6pd12._.js:129:4771)\n    at process.processTicksAndRejections (node:internal/process/task_queues:103:5)\n    at async handler (payload-office-platform/.next/server/chunks/node_modules__pnpm_0_6pd12._.js:129:9780)\n    at async Z (payload-office-platform/.next/server/chunks/node_modules__pnpm_0_6pd12._.js:129:5663)\n    at async p (payload-office-platform/.next/server/chunks/node_modules__pnpm_0_6pd12._.js:129:10716)\n    at async Promise.all (index 0)\n    at async ee (payload-office-platform/.next/server/chunks/node_modules__pnpm_0_6pd12._.js:129:11427)\n    at async Object.run (payload-office-platform/.next/server/chunks/node_modules__pnpm_11o3zr1._.js:8:5757)\n    at async T.Cron.catch.logger.error.err [as fn] (payload-office-platform/.next/server/chunks/node_modules__pnpm_11o3zr1._.js:8:8113)\n    at async y._trigger (payload-office-platform/.next/server/chunks/node_modules__pnpm_0_6pd12._.js:128:79201)",
            "message": "supply_submission_notification_delivery_failed",
            "cancelled": false
          }
        },
        {
          "id": "6a9e59ac4d12bdb24d0da1ec",
          "executedAt": "2026-09-07T06:29:00.045Z",
          "completedAt": "2026-09-07T06:29:00.068Z",
          "taskSlug": "notify-supply-submission-created",
          "taskID": "1",
          "input": {
            "eventId": "supply-submission-created:1"
          },
          "output": {},
          "state": "failed",
          "error": {
            "name": "Error",
            "stack": "Error: supply_submission_notification_delivery_failed\n    at Object.notify-supply-submission-created (payload-office-platform/.next/server/chunks/node_modules__pnpm_0_6pd12._.js:129:4771)\n    at process.processTicksAndRejections (node:internal/process/task_queues:103:5)\n    at async handler (payload-office-platform/.next/server/chunks/node_modules__pnpm_0_6pd12._.js:129:9780)\n    at async Z (payload-office-platform/.next/server/chunks/node_modules__pnpm_0_6pd12._.js:129:5663)\n    at async p (payload-office-platform/.next/server/chunks/node_modules__pnpm_0_6pd12._.js:129:10716)\n    at async Promise.all (index 0)\n    at async ee (payload-office-platform/.next/server/chunks/node_modules__pnpm_0_6pd12._.js:129:11427)\n    at async Object.run (payload-office-platform/.next/server/chunks/node_modules__pnpm_11o3zr1._.js:8:5757)\n    at async T.Cron.catch.logger.error.err [as fn] (payload-office-platform/.next/server/chunks/node_modules__pnpm_11o3zr1._.js:8:8113)\n    at async y._trigger (payload-office-platform/.next/server/chunks/node_modules__pnpm_0_6pd12._.js:128:79201)",
            "message": "supply_submission_notification_delivery_failed",
            "cancelled": false
          }
        },
        {
          "id": "6a9e59ca4d12bdb24d0da1ef",
          "executedAt": "2026-09-07T06:29:30.071Z",
          "completedAt": "2026-09-07T06:29:30.088Z",
          "taskSlug": "notify-supply-submission-created",
          "taskID": "1",
          "input": {
            "eventId": "supply-submission-created:1"
          },
          "output": {},
          "state": "failed",
          "error": {
            "name": "Error",
            "stack": "Error: supply_submission_notification_delivery_failed\n    at Object.notify-supply-submission-created (payload-office-platform/.next/server/chunks/node_modules__pnpm_0_6pd12._.js:129:4771)\n    at process.processTicksAndRejections (node:internal/process/task_queues:103:5)\n    at async handler (payload-office-platform/.next/server/chunks/node_modules__pnpm_0_6pd12._.js:129:9780)\n    at async Z (payload-office-platform/.next/server/chunks/node_modules__pnpm_0_6pd12._.js:129:5663)\n    at async p (payload-office-platform/.next/server/chunks/node_modules__pnpm_0_6pd12._.js:129:10716)\n    at async Promise.all (index 0)\n    at async ee (payload-office-platform/.next/server/chunks/node_modules__pnpm_0_6pd12._.js:129:11427)\n    at async Object.run (payload-office-platform/.next/server/chunks/node_modules__pnpm_11o3zr1._.js:8:5757)\n    at async T.Cron.catch.logger.error.err [as fn] (payload-office-platform/.next/server/chunks/node_modules__pnpm_11o3zr1._.js:8:8113)\n    at async y._trigger (payload-office-platform/.next/server/chunks/node_modules__pnpm_0_6pd12._.js:128:79201)",
            "message": "supply_submission_notification_delivery_failed",
            "cancelled": false
          }
        },
        {
          "id": "6a9e5a064d12bdb24d0da1f1",
          "executedAt": "2026-09-07T06:30:30.028Z",
          "completedAt": "2026-09-07T06:30:30.048Z",
          "taskSlug": "notify-supply-submission-created",
          "taskID": "1",
          "input": {
            "eventId": "supply-submission-created:1"
          },
          "output": {},
          "state": "failed",
          "error": {
            "name": "Error",
            "stack": "Error: supply_submission_notification_delivery_failed\n    at Object.notify-supply-submission-created (payload-office-platform/.next/server/chunks/node_modules__pnpm_0_6pd12._.js:129:4771)\n    at process.processTicksAndRejections (node:internal/process/task_queues:103:5)\n    at async handler (payload-office-platform/.next/server/chunks/node_modules__pnpm_0_6pd12._.js:129:9780)\n    at async Z (payload-office-platform/.next/server/chunks/node_modules__pnpm_0_6pd12._.js:129:5663)\n    at async p (payload-office-platform/.next/server/chunks/node_modules__pnpm_0_6pd12._.js:129:10716)\n    at async Promise.all (index 0)\n    at async ee (payload-office-platform/.next/server/chunks/node_modules__pnpm_0_6pd12._.js:129:11427)\n    at async Object.run (payload-office-platform/.next/server/chunks/node_modules__pnpm_11o3zr1._.js:8:5757)\n    at async T.Cron.catch.logger.error.err [as fn] (payload-office-platform/.next/server/chunks/node_modules__pnpm_11o3zr1._.js:8:8113)\n    at async y._trigger (payload-office-platform/.next/server/chunks/node_modules__pnpm_0_6pd12._.js:128:79201)",
            "message": "supply_submission_notification_delivery_failed",
            "cancelled": false
          }
        },
        {
          "id": "6a9e5aba618b7c28866dfa2c",
          "executedAt": "2026-09-07T06:33:30.115Z",
          "completedAt": "2026-09-07T06:33:30.133Z",
          "taskSlug": "notify-supply-submission-created",
          "taskID": "1",
          "input": {
            "eventId": "supply-submission-created:1"
          },
          "output": {},
          "state": "failed",
          "error": {
            "name": "Error",
            "stack": "Error: supply_submission_notification_delivery_failed\n    at Object.notify-supply-submission-created (payload-office-platform/.next/server/chunks/node_modules__pnpm_0_6pd12._.js:129:4771)\n    at process.processTicksAndRejections (node:internal/process/task_queues:103:5)\n    at async handler (payload-office-platform/.next/server/chunks/node_modules__pnpm_0_6pd12._.js:129:9780)\n    at async Z (payload-office-platform/.next/server/chunks/node_modules__pnpm_0_6pd12._.js:129:5663)\n    at async p (payload-office-platform/.next/server/chunks/node_modules__pnpm_0_6pd12._.js:129:10716)\n    at async Promise.all (index 0)\n    at async ee (payload-office-platform/.next/server/chunks/node_modules__pnpm_0_6pd12._.js:129:11427)\n    at async Object.run (payload-office-platform/.next/server/chunks/node_modules__pnpm_11o3zr1._.js:8:5757)\n    at async T.Cron.catch.logger.error.err [as fn] (payload-office-platform/.next/server/chunks/node_modules__pnpm_11o3zr1._.js:8:8113)\n    at async y._trigger (payload-office-platform/.next/server/chunks/node_modules__pnpm_0_6pd12._.js:128:79201)",
            "message": "supply_submission_notification_delivery_failed",
            "cancelled": false
          }
        }
      ],
      "taskSlug": "notify-supply-submission-created",
      "queue": "supply-submission-notifications",
      "processing": false,
      "meta": null,
      "updatedAt": "2026-09-07T06:33:30.133Z",
      "createdAt": "2026-09-07T06:27:57.912Z",
      "taskStatus": {
        "notify-supply-submission-created": {
          "1": {
            "complete": false,
            "input": {
              "eventId": "supply-submission-created:1"
            },
            "output": {},
            "taskSlug": "notify-supply-submission-created",
            "totalTried": 6
          }
        }
      },
      "waitUntil": "2026-09-07T06:31:50.049Z"
    }
    taskSlug: "notify-supply-submission-created"
    err: {
      "type": "U",
      "message": "supply_submission_notification_delivery_failed",
      "stack":
          Error: supply_submission_notification_delivery_failed
              at Object.notify-supply-submission-created (payload-office-platform/.next/server/chunks/node_modules__pnpm_0_6pd12._.js:129:4771)
              at process.processTicksAndRejections (node:internal/process/task_queues:103:5)
              at async handler (payload-office-platform/.next/server/chunks/node_modules__pnpm_0_6pd12._.js:129:9780)
              at async Z (payload-office-platform/.next/server/chunks/node_modules__pnpm_0_6pd12._.js:129:5663)
              at async p (payload-office-platform/.next/server/chunks/node_modules__pnpm_0_6pd12._.js:129:10716)
              at async Promise.all (index 0)
              at async ee (payload-office-platform/.next/server/chunks/node_modules__pnpm_0_6pd12._.js:129:11427)
              at async Object.run (payload-office-platform/.next/server/chunks/node_modules__pnpm_11o3zr1._.js:8:5757)
              at async T.Cron.catch.logger.error.err [as fn] (payload-office-platform/.next/server/chunks/node_modules__pnpm_11o3zr1._.js:8:8113)
              at async y._trigger (payload-office-platform/.next/server/chunks/node_modules__pnpm_0_6pd12._.js:128:79201)
      "args": {
        "type": "Object",
        "message": "supply_submission_notification_delivery_failed",
        "stack":

        "executedAt": "2026-09-07T06:33:30.115Z",
        "input": {
          "eventId": "supply-submission-created:1"
        },
        "job": {
          "id": 24,
          "input": {
            "eventId": "supply-submission-created:1"
          },
          "completedAt": null,
          "totalTried": 6,
          "hasError": true,
          "error": {
            "name": "Error",
            "stack":
                Error: supply_submission_notification_delivery_failed
                    at Object.notify-supply-submission-created (payload-office-platform/.next/server/chunks/node_modules__pnpm_0_6pd12._.js:129:4771)
                    at process.processTicksAndRejections (node:internal/process/task_queues:103:5)
                    at async handler (payload-office-platform/.next/server/chunks/node_modules__pnpm_0_6pd12._.js:129:9780)
                    at async Z (payload-office-platform/.next/server/chunks/node_modules__pnpm_0_6pd12._.js:129:5663)
                    at async p (payload-office-platform/.next/server/chunks/node_modules__pnpm_0_6pd12._.js:129:10716)
                    at async Promise.all (index 0)
                    at async ee (payload-office-platform/.next/server/chunks/node_modules__pnpm_0_6pd12._.js:129:11427)
                    at async Object.run (payload-office-platform/.next/server/chunks/node_modules__pnpm_11o3zr1._.js:8:5757)
                    at async T.Cron.catch.logger.error.err [as fn] (payload-office-platform/.next/server/chunks/node_modules__pnpm_11o3zr1._.js:8:8113)
                    at async y._trigger (payload-office-platform/.next/server/chunks/node_modules__pnpm_0_6pd12._.js:128:79201)
            "message": "supply_submission_notification_delivery_failed",
            "cancelled": false
          },
          "log": [
            {
              "id": "6a9e59704d12bdb24d0da0c8",
              "executedAt": "2026-09-07T06:28:00.134Z",
              "completedAt": "2026-09-07T06:28:00.151Z",
              "taskSlug": "notify-supply-submission-created",
              "taskID": "1",
              "input": {
                "eventId": "supply-submission-created:1"
              },
              "output": {},
              "state": "failed",
              "error": {
                "name": "Error",
                "stack":
                    Error: supply_submission_notification_delivery_failed
                        at Object.notify-supply-submission-created (payload-office-platform/.next/server/chunks/node_modules__pnpm_0_6pd12._.js:129:4771)
                        at process.processTicksAndRejections (node:internal/process/task_queues:103:5)
                        at async handler (payload-office-platform/.next/server/chunks/node_modules__pnpm_0_6pd12._.js:129:9780)
                        at async Z (payload-office-platform/.next/server/chunks/node_modules__pnpm_0_6pd12._.js:129:5663)
                        at async p (payload-office-platform/.next/server/chunks/node_modules__pnpm_0_6pd12._.js:129:10716)
                        at async Promise.all (index 0)
                        at async ee (payload-office-platform/.next/server/chunks/node_modules__pnpm_0_6pd12._.js:129:11427)
                        at async Object.run (payload-office-platform/.next/server/chunks/node_modules__pnpm_11o3zr1._.js:8:5757)
                        at async T.Cron.catch.logger.error.err [as fn] (payload-office-platform/.next/server/chunks/node_modules__pnpm_11o3zr1._.js:8:8113)
                        at async y._trigger (payload-office-platform/.next/server/chunks/node_modules__pnpm_0_6pd12._.js:128:79201)
                "message": "supply_submission_notification_delivery_failed",
                "cancelled": false
              }
            },
            {
              "id": "6a9e598e4d12bdb24d0da1b7",
              "executedAt": "2026-09-07T06:28:30.109Z",
              "completedAt": "2026-09-07T06:28:30.118Z",
              "taskSlug": "notify-supply-submission-created",
              "taskID": "1",
              "input": {
                "eventId": "supply-submission-created:1"
              },
              "output": {},
              "state": "failed",
              "error": {
                "name": "Error",
                "stack":
                    Error: supply_submission_notification_delivery_failed
                        at Object.notify-supply-submission-created (payload-office-platform/.next/server/chunks/node_modules__pnpm_0_6pd12._.js:129:4771)
                        at process.processTicksAndRejections (node:internal/process/task_queues:103:5)
                        at async handler (payload-office-platform/.next/server/chunks/node_modules__pnpm_0_6pd12._.js:129:9780)
                        at async Z (payload-office-platform/.next/server/chunks/node_modules__pnpm_0_6pd12._.js:129:5663)
                        at async p (payload-office-platform/.next/server/chunks/node_modules__pnpm_0_6pd12._.js:129:10716)
                        at async Promise.all (index 0)
                        at async ee (payload-office-platform/.next/server/chunks/node_modules__pnpm_0_6pd12._.js:129:11427)
                        at async Object.run (payload-office-platform/.next/server/chunks/node_modules__pnpm_11o3zr1._.js:8:5757)
                        at async T.Cron.catch.logger.error.err [as fn] (payload-office-platform/.next/server/chunks/node_modules__pnpm_11o3zr1._.js:8:8113)
                        at async y._trigger (payload-office-platform/.next/server/chunks/node_modules__pnpm_0_6pd12._.js:128:79201)
                "message": "supply_submission_notification_delivery_failed",
                "cancelled": false
              }
            },
            {
              "id": "6a9e59ac4d12bdb24d0da1ec",
              "executedAt": "2026-09-07T06:29:00.045Z",
              "completedAt": "2026-09-07T06:29:00.068Z",
              "taskSlug": "notify-supply-submission-created",
              "taskID": "1",
              "input": {
                "eventId": "supply-submission-created:1"
              },
              "output": {},
              "state": "failed",
              "error": {
                "name": "Error",
                "stack":
                    Error: supply_submission_notification_delivery_failed
                        at Object.notify-supply-submission-created (payload-office-platform/.next/server/chunks/node_modules__pnpm_0_6pd12._.js:129:4771)
                        at process.processTicksAndRejections (node:internal/process/task_queues:103:5)
                        at async handler (payload-office-platform/.next/server/chunks/node_modules__pnpm_0_6pd12._.js:129:9780)
                        at async Z (payload-office-platform/.next/server/chunks/node_modules__pnpm_0_6pd12._.js:129:5663)
                        at async p (payload-office-platform/.next/server/chunks/node_modules__pnpm_0_6pd12._.js:129:10716)
                        at async Promise.all (index 0)
                        at async ee (payload-office-platform/.next/server/chunks/node_modules__pnpm_0_6pd12._.js:129:11427)
                        at async Object.run (payload-office-platform/.next/server/chunks/node_modules__pnpm_11o3zr1._.js:8:5757)
                        at async T.Cron.catch.logger.error.err [as fn] (payload-office-platform/.next/server/chunks/node_modules__pnpm_11o3zr1._.js:8:8113)
                        at async y._trigger (payload-office-platform/.next/server/chunks/node_modules__pnpm_0_6pd12._.js:128:79201)
                "message": "supply_submission_notification_delivery_failed",
                "cancelled": false
              }
            },
            {
              "id": "6a9e59ca4d12bdb24d0da1ef",
              "executedAt": "2026-09-07T06:29:30.071Z",
              "completedAt": "2026-09-07T06:29:30.088Z",
              "taskSlug": "notify-supply-submission-created",
              "taskID": "1",
              "input": {
                "eventId": "supply-submission-created:1"
              },
              "output": {},
              "state": "failed",
              "error": {
                "name": "Error",
                "stack":
                    Error: supply_submission_notification_delivery_failed
                        at Object.notify-supply-submission-created (payload-office-platform/.next/server/chunks/node_modules__pnpm_0_6pd12._.js:129:4771)
                        at process.processTicksAndRejections (node:internal/process/task_queues:103:5)
                        at async handler (payload-office-platform/.next/server/chunks/node_modules__pnpm_0_6pd12._.js:129:9780)
                        at async Z (payload-office-platform/.next/server/chunks/node_modules__pnpm_0_6pd12._.js:129:5663)
                        at async p (payload-office-platform/.next/server/chunks/node_modules__pnpm_0_6pd12._.js:129:10716)
                        at async Promise.all (index 0)
                        at async ee (payload-office-platform/.next/server/chunks/node_modules__pnpm_0_6pd12._.js:129:11427)
                        at async Object.run (payload-office-platform/.next/server/chunks/node_modules__pnpm_11o3zr1._.js:8:5757)
                        at async T.Cron.catch.logger.error.err [as fn] (payload-office-platform/.next/server/chunks/node_modules__pnpm_11o3zr1._.js:8:8113)
                        at async y._trigger (payload-office-platform/.next/server/chunks/node_modules__pnpm_0_6pd12._.js:128:79201)
                "message": "supply_submission_notification_delivery_failed",
                "cancelled": false
              }
            },
            {
              "id": "6a9e5a064d12bdb24d0da1f1",
              "executedAt": "2026-09-07T06:30:30.028Z",
              "completedAt": "2026-09-07T06:30:30.048Z",
              "taskSlug": "notify-supply-submission-created",
              "taskID": "1",
              "input": {
                "eventId": "supply-submission-created:1"
              },
              "output": {},
              "state": "failed",
              "error": {
                "name": "Error",
                "stack":
                    Error: supply_submission_notification_delivery_failed
                        at Object.notify-supply-submission-created (payload-office-platform/.next/server/chunks/node_modules__pnpm_0_6pd12._.js:129:4771)
                        at process.processTicksAndRejections (node:internal/process/task_queues:103:5)
                        at async handler (payload-office-platform/.next/server/chunks/node_modules__pnpm_0_6pd12._.js:129:9780)
                        at async Z (payload-office-platform/.next/server/chunks/node_modules__pnpm_0_6pd12._.js:129:5663)
                        at async p (payload-office-platform/.next/server/chunks/node_modules__pnpm_0_6pd12._.js:129:10716)
                        at async Promise.all (index 0)
                        at async ee (payload-office-platform/.next/server/chunks/node_modules__pnpm_0_6pd12._.js:129:11427)
                        at async Object.run (payload-office-platform/.next/server/chunks/node_modules__pnpm_11o3zr1._.js:8:5757)
                        at async T.Cron.catch.logger.error.err [as fn] (payload-office-platform/.next/server/chunks/node_modules__pnpm_11o3zr1._.js:8:8113)
                        at async y._trigger (payload-office-platform/.next/server/chunks/node_modules__pnpm_0_6pd12._.js:128:79201)
                "message": "supply_submission_notification_delivery_failed",
                "cancelled": false
              }
            },
            {
              "id": "6a9e5aba618b7c28866dfa2c",
              "executedAt": "2026-09-07T06:33:30.115Z",
              "completedAt": "2026-09-07T06:33:30.133Z",
              "taskSlug": "notify-supply-submission-created",
              "taskID": "1",
              "input": {
                "eventId": "supply-submission-created:1"
              },
              "output": {},
              "state": "failed",
              "error": {
                "name": "Error",
                "stack":
                    Error: supply_submission_notification_delivery_failed
                        at Object.notify-supply-submission-created (payload-office-platform/.next/server/chunks/node_modules__pnpm_0_6pd12._.js:129:4771)
                        at process.processTicksAndRejections (node:internal/process/task_queues:103:5)
                        at async handler (payload-office-platform/.next/server/chunks/node_modules__pnpm_0_6pd12._.js:129:9780)
                        at async Z (payload-office-platform/.next/server/chunks/node_modules__pnpm_0_6pd12._.js:129:5663)
                        at async p (payload-office-platform/.next/server/chunks/node_modules__pnpm_0_6pd12._.js:129:10716)
                        at async Promise.all (index 0)
                        at async ee (payload-office-platform/.next/server/chunks/node_modules__pnpm_0_6pd12._.js:129:11427)
                        at async Object.run (payload-office-platform/.next/server/chunks/node_modules__pnpm_11o3zr1._.js:8:5757)
                        at async T.Cron.catch.logger.error.err [as fn] (payload-office-platform/.next/server/chunks/node_modules__pnpm_11o3zr1._.js:8:8113)
                        at async y._trigger (payload-office-platform/.next/server/chunks/node_modules__pnpm_0_6pd12._.js:128:79201)
                "message": "supply_submission_notification_delivery_failed",
                "cancelled": false
              }
            }
          ],
          "taskSlug": "notify-supply-submission-created",
          "queue": "supply-submission-notifications",
          "processing": false,
          "meta": null,
          "updatedAt": "2026-09-07T06:33:30.133Z",
          "createdAt": "2026-09-07T06:27:57.912Z",
          "taskStatus": {
            "notify-supply-submission-created": {
              "1": {
                "complete": false,
                "input": {
                  "eventId": "supply-submission-created:1"
                },
                "output": {},
                "taskSlug": "notify-supply-submission-created",
                "totalTried": 6
              }
            }
          },
          "waitUntil": "2026-09-07T06:31:50.049Z"
        },
        "output": {},
        "retriesConfig": {
          "attempts": 5,
          "backoff": {
            "type": "exponential",
            "delay": 5000
          }
        },
        "taskConfig": {
          "slug": "notify-supply-submission-created",
          "label": "投放申请通知",
          "inputSchema": [
            {
              "name": "eventId",
              "type": "text",
              "required": true
            }
          ],
          "outputSchema": [
            {
              "name": "delivered",
              "type": "number",
              "required": true
            }
          ],
          "retries": {
            "attempts": 5,
            "backoff": {
              "type": "exponential",
              "delay": 5000
            }
          }
        },
        "taskID": "1",
        "taskSlug": "notify-supply-submission-created",
        "taskStatus": {
          "complete": false,
          "input": {
            "eventId": "supply-submission-created:1"
          },
          "output": {},
          "taskSlug": "notify-supply-submission-created",
          "totalTried": 5
        },
        "workflowConfig": {
          "slug": "singleTask"
        }
      }
    }
[MP108_ACCESS] {"at":"2026-09-07T06:35:52.114Z","method":"GET","path":"/api/health","status":200,"requestId":null}
[MP108_ACCESS] {"at":"2026-09-07T06:35:52.609Z","method":"GET","path":"/api/health","status":200,"requestId":null}
[MP108_ACCESS] {"at":"2026-09-07T06:35:52.616Z","method":"GET","path":"/api/health","status":200,"requestId":null}
[14:36:08] ERROR: 您无权执行此操作。
    err: {
      "type": "o",
      "message": "您无权执行此操作。",
      "stack":
          o: 您无权执行此操作。
              at N (payload-office-platform/.next/server/chunks/node_modules__pnpm_0_6pd12._.js:9:50835)
              at process.processTicksAndRejections (node:internal/process/task_queues:103:5)
              at async ey (payload-office-platform/.next/server/chunks/node_modules__pnpm_0_6pd12._.js:129:37827)
              at async e1 (payload-office-platform/.next/server/chunks/node_modules__pnpm_0_6pd12._.js:155:58481)
              at async h (payload-office-platform/.next/server/chunks/node_modules__pnpm_0lgz3ff._.js:1:18431)
              at async payload-office-platform/.next/server/chunks/node_modules__pnpm_0wwnffj._.js:1:8806
              at async rJ.do (payload-office-platform/node_modules/.pnpm/next@16.2.10_@babel+core@7.29.7_@playwright+test@1.61.1_react-dom@19.2.0_react@19.2.0/node_modules/next/dist/compiled/next-server/app-route-turbo.runtime.prod.js:5:20930)
              at async rJ.handle (payload-office-platform/node_modules/.pnpm/next@16.2.10_@babel+core@7.29.7_@playwright+test@1.61.1_react-dom@19.2.0_react@19.2.0/node_modules/next/dist/compiled/next-server/app-route-turbo.runtime.prod.js:5:25785)
              at async u (payload-office-platform/.next/server/chunks/[root-of-the-server]__0pkvhx_._.js:1:19227)
              at async rJ.handleResponse (payload-office-platform/node_modules/.pnpm/next@16.2.10_@babel+core@7.29.7_@playwright+test@1.61.1_react-dom@19.2.0_react@19.2.0/node_modules/next/dist/compiled/next-server/app-route-turbo.runtime.prod.js:1:119701)
              at async l (payload-office-platform/.next/server/chunks/[root-of-the-server]__0pkvhx_._.js:1:20268)
              at async Module.w [as handler] (payload-office-platform/.next/server/chunks/[root-of-the-server]__0pkvhx_._.js:1:21375)
              at async NextNodeServer.renderToResponseWithComponentsImpl (payload-office-platform/node_modules/.pnpm/next@16.2.10_@babel+core@7.29.7_@playwright+test@1.61.1_react-dom@19.2.0_react@19.2.0/node_modules/next/dist/server/base-server.js:1462:9)
              at async NextNodeServer.renderPageComponent (payload-office-platform/node_modules/.pnpm/next@16.2.10_@babel+core@7.29.7_@playwright+test@1.61.1_react-dom@19.2.0_react@19.2.0/node_modules/next/dist/server/base-server.js:1514:24)
              at async NextNodeServer.renderToResponseImpl (payload-office-platform/node_modules/.pnpm/next@16.2.10_@babel+core@7.29.7_@playwright+test@1.61.1_react-dom@19.2.0_react@19.2.0/node_modules/next/dist/server/base-server.js:1564:32)
              at async NextNodeServer.pipeImpl (payload-office-platform/node_modules/.pnpm/next@16.2.10_@babel+core@7.29.7_@playwright+test@1.61.1_react-dom@19.2.0_react@19.2.0/node_modules/next/dist/server/base-server.js:1044:25)
              at async NextNodeServer.handleCatchallRenderRequest (payload-office-platform/node_modules/.pnpm/next@16.2.10_@babel+core@7.29.7_@playwright+test@1.61.1_react-dom@19.2.0_react@19.2.0/node_modules/next/dist/server/next-server.js:338:17)
              at async NextNodeServer.handleRequestImpl (payload-office-platform/node_modules/.pnpm/next@16.2.10_@babel+core@7.29.7_@playwright+test@1.61.1_react-dom@19.2.0_react@19.2.0/node_modules/next/dist/server/base-server.js:935:17)
              at async invokeRender (payload-office-platform/node_modules/.pnpm/next@16.2.10_@babel+core@7.29.7_@playwright+test@1.61.1_react-dom@19.2.0_react@19.2.0/node_modules/next/dist/server/lib/router-server.js:266:21)
              at async handleRequest (payload-office-platform/node_modules/.pnpm/next@16.2.10_@babel+core@7.29.7_@playwright+test@1.61.1_react-dom@19.2.0_react@19.2.0/node_modules/next/dist/server/lib/router-server.js:465:24)
              at async requestHandlerImpl (payload-office-platform/node_modules/.pnpm/next@16.2.10_@babel+core@7.29.7_@playwright+test@1.61.1_react-dom@19.2.0_react@19.2.0/node_modules/next/dist/server/lib/router-server.js:514:13)
              at async Server.requestListener (payload-office-platform/node_modules/.pnpm/next@16.2.10_@babel+core@7.29.7_@playwright+test@1.61.1_react-dom@19.2.0_react@19.2.0/node_modules/next/dist/server/lib/start-server.js:225:13)
      "data": null,
      "isOperational": true,
      "isPublic": true,
      "status": 403,
      "name": "o"
    }
[14:36:09] ERROR: 您无权执行此操作。
    err: {
      "type": "o",
      "message": "您无权执行此操作。",
      "stack":
          o: 您无权执行此操作。
              at N (payload-office-platform/.next/server/chunks/node_modules__pnpm_0_6pd12._.js:9:50835)
              at process.processTicksAndRejections (node:internal/process/task_queues:103:5)
              at async ey (payload-office-platform/.next/server/chunks/node_modules__pnpm_0_6pd12._.js:129:37827)
              at async e1 (payload-office-platform/.next/server/chunks/node_modules__pnpm_0_6pd12._.js:155:58481)
              at async h (payload-office-platform/.next/server/chunks/node_modules__pnpm_0lgz3ff._.js:1:18431)
              at async payload-office-platform/.next/server/chunks/node_modules__pnpm_0wwnffj._.js:1:8806
              at async rJ.do (payload-office-platform/node_modules/.pnpm/next@16.2.10_@babel+core@7.29.7_@playwright+test@1.61.1_react-dom@19.2.0_react@19.2.0/node_modules/next/dist/compiled/next-server/app-route-turbo.runtime.prod.js:5:20930)
              at async rJ.handle (payload-office-platform/node_modules/.pnpm/next@16.2.10_@babel+core@7.29.7_@playwright+test@1.61.1_react-dom@19.2.0_react@19.2.0/node_modules/next/dist/compiled/next-server/app-route-turbo.runtime.prod.js:5:25785)
              at async u (payload-office-platform/.next/server/chunks/[root-of-the-server]__0pkvhx_._.js:1:19227)
              at async rJ.handleResponse (payload-office-platform/node_modules/.pnpm/next@16.2.10_@babel+core@7.29.7_@playwright+test@1.61.1_react-dom@19.2.0_react@19.2.0/node_modules/next/dist/compiled/next-server/app-route-turbo.runtime.prod.js:1:119701)
              at async l (payload-office-platform/.next/server/chunks/[root-of-the-server]__0pkvhx_._.js:1:20268)
              at async Module.w [as handler] (payload-office-platform/.next/server/chunks/[root-of-the-server]__0pkvhx_._.js:1:21375)
              at async NextNodeServer.renderToResponseWithComponentsImpl (payload-office-platform/node_modules/.pnpm/next@16.2.10_@babel+core@7.29.7_@playwright+test@1.61.1_react-dom@19.2.0_react@19.2.0/node_modules/next/dist/server/base-server.js:1462:9)
              at async NextNodeServer.renderPageComponent (payload-office-platform/node_modules/.pnpm/next@16.2.10_@babel+core@7.29.7_@playwright+test@1.61.1_react-dom@19.2.0_react@19.2.0/node_modules/next/dist/server/base-server.js:1514:24)
              at async NextNodeServer.renderToResponseImpl (payload-office-platform/node_modules/.pnpm/next@16.2.10_@babel+core@7.29.7_@playwright+test@1.61.1_react-dom@19.2.0_react@19.2.0/node_modules/next/dist/server/base-server.js:1564:32)
              at async NextNodeServer.pipeImpl (payload-office-platform/node_modules/.pnpm/next@16.2.10_@babel+core@7.29.7_@playwright+test@1.61.1_react-dom@19.2.0_react@19.2.0/node_modules/next/dist/server/base-server.js:1044:25)
              at async NextNodeServer.handleCatchallRenderRequest (payload-office-platform/node_modules/.pnpm/next@16.2.10_@babel+core@7.29.7_@playwright+test@1.61.1_react-dom@19.2.0_react@19.2.0/node_modules/next/dist/server/next-server.js:338:17)
              at async NextNodeServer.handleRequestImpl (payload-office-platform/node_modules/.pnpm/next@16.2.10_@babel+core@7.29.7_@playwright+test@1.61.1_react-dom@19.2.0_react@19.2.0/node_modules/next/dist/server/base-server.js:935:17)
              at async invokeRender (payload-office-platform/node_modules/.pnpm/next@16.2.10_@babel+core@7.29.7_@playwright+test@1.61.1_react-dom@19.2.0_react@19.2.0/node_modules/next/dist/server/lib/router-server.js:266:21)
              at async handleRequest (payload-office-platform/node_modules/.pnpm/next@16.2.10_@babel+core@7.29.7_@playwright+test@1.61.1_react-dom@19.2.0_react@19.2.0/node_modules/next/dist/server/lib/router-server.js:465:24)
              at async requestHandlerImpl (payload-office-platform/node_modules/.pnpm/next@16.2.10_@babel+core@7.29.7_@playwright+test@1.61.1_react-dom@19.2.0_react@19.2.0/node_modules/next/dist/server/lib/router-server.js:514:13)
              at async Server.requestListener (payload-office-platform/node_modules/.pnpm/next@16.2.10_@babel+core@7.29.7_@playwright+test@1.61.1_react-dom@19.2.0_react@19.2.0/node_modules/next/dist/server/lib/start-server.js:225:13)
      "data": null,
      "isOperational": true,
      "isPublic": true,
      "status": 403,
      "name": "o"
    }
[14:36:09] ERROR: 您无权执行此操作。
    err: {
      "type": "o",
      "message": "您无权执行此操作。",
      "stack":
          o: 您无权执行此操作。
              at N (payload-office-platform/.next/server/chunks/node_modules__pnpm_0_6pd12._.js:9:50835)
              at process.processTicksAndRejections (node:internal/process/task_queues:103:5)
              at async ey (payload-office-platform/.next/server/chunks/node_modules__pnpm_0_6pd12._.js:129:37827)
              at async e1 (payload-office-platform/.next/server/chunks/node_modules__pnpm_0_6pd12._.js:155:58481)
              at async h (payload-office-platform/.next/server/chunks/node_modules__pnpm_0lgz3ff._.js:1:18431)
              at async payload-office-platform/.next/server/chunks/node_modules__pnpm_0wwnffj._.js:1:8806
              at async rJ.do (payload-office-platform/node_modules/.pnpm/next@16.2.10_@babel+core@7.29.7_@playwright+test@1.61.1_react-dom@19.2.0_react@19.2.0/node_modules/next/dist/compiled/next-server/app-route-turbo.runtime.prod.js:5:20930)
              at async rJ.handle (payload-office-platform/node_modules/.pnpm/next@16.2.10_@babel+core@7.29.7_@playwright+test@1.61.1_react-dom@19.2.0_react@19.2.0/node_modules/next/dist/compiled/next-server/app-route-turbo.runtime.prod.js:5:25785)
              at async u (payload-office-platform/.next/server/chunks/[root-of-the-server]__0pkvhx_._.js:1:19227)
              at async rJ.handleResponse (payload-office-platform/node_modules/.pnpm/next@16.2.10_@babel+core@7.29.7_@playwright+test@1.61.1_react-dom@19.2.0_react@19.2.0/node_modules/next/dist/compiled/next-server/app-route-turbo.runtime.prod.js:1:119701)
              at async l (payload-office-platform/.next/server/chunks/[root-of-the-server]__0pkvhx_._.js:1:20268)
              at async Module.w [as handler] (payload-office-platform/.next/server/chunks/[root-of-the-server]__0pkvhx_._.js:1:21375)
              at async NextNodeServer.renderToResponseWithComponentsImpl (payload-office-platform/node_modules/.pnpm/next@16.2.10_@babel+core@7.29.7_@playwright+test@1.61.1_react-dom@19.2.0_react@19.2.0/node_modules/next/dist/server/base-server.js:1462:9)
              at async NextNodeServer.renderPageComponent (payload-office-platform/node_modules/.pnpm/next@16.2.10_@babel+core@7.29.7_@playwright+test@1.61.1_react-dom@19.2.0_react@19.2.0/node_modules/next/dist/server/base-server.js:1514:24)
              at async NextNodeServer.renderToResponseImpl (payload-office-platform/node_modules/.pnpm/next@16.2.10_@babel+core@7.29.7_@playwright+test@1.61.1_react-dom@19.2.0_react@19.2.0/node_modules/next/dist/server/base-server.js:1564:32)
              at async NextNodeServer.pipeImpl (payload-office-platform/node_modules/.pnpm/next@16.2.10_@babel+core@7.29.7_@playwright+test@1.61.1_react-dom@19.2.0_react@19.2.0/node_modules/next/dist/server/base-server.js:1044:25)
              at async NextNodeServer.handleCatchallRenderRequest (payload-office-platform/node_modules/.pnpm/next@16.2.10_@babel+core@7.29.7_@playwright+test@1.61.1_react-dom@19.2.0_react@19.2.0/node_modules/next/dist/server/next-server.js:338:17)
              at async NextNodeServer.handleRequestImpl (payload-office-platform/node_modules/.pnpm/next@16.2.10_@babel+core@7.29.7_@playwright+test@1.61.1_react-dom@19.2.0_react@19.2.0/node_modules/next/dist/server/base-server.js:935:17)
              at async invokeRender (payload-office-platform/node_modules/.pnpm/next@16.2.10_@babel+core@7.29.7_@playwright+test@1.61.1_react-dom@19.2.0_react@19.2.0/node_modules/next/dist/server/lib/router-server.js:266:21)
              at async handleRequest (payload-office-platform/node_modules/.pnpm/next@16.2.10_@babel+core@7.29.7_@playwright+test@1.61.1_react-dom@19.2.0_react@19.2.0/node_modules/next/dist/server/lib/router-server.js:465:24)
              at async requestHandlerImpl (payload-office-platform/node_modules/.pnpm/next@16.2.10_@babel+core@7.29.7_@playwright+test@1.61.1_react-dom@19.2.0_react@19.2.0/node_modules/next/dist/server/lib/router-server.js:514:13)
              at async Server.requestListener (payload-office-platform/node_modules/.pnpm/next@16.2.10_@babel+core@7.29.7_@playwright+test@1.61.1_react-dom@19.2.0_react@19.2.0/node_modules/next/dist/server/lib/start-server.js:225:13)
      "data": null,
      "isOperational": true,
      "isPublic": true,
      "status": 403,
      "name": "o"
    }
[14:36:10] ERROR: 您无权执行此操作。
    err: {
      "type": "o",
      "message": "您无权执行此操作。",
      "stack":
          o: 您无权执行此操作。
              at N (payload-office-platform/.next/server/chunks/node_modules__pnpm_0_6pd12._.js:9:50835)
              at process.processTicksAndRejections (node:internal/process/task_queues:103:5)
              at async ey (payload-office-platform/.next/server/chunks/node_modules__pnpm_0_6pd12._.js:129:37827)
              at async e1 (payload-office-platform/.next/server/chunks/node_modules__pnpm_0_6pd12._.js:155:58481)
              at async h (payload-office-platform/.next/server/chunks/node_modules__pnpm_0lgz3ff._.js:1:18431)
              at async payload-office-platform/.next/server/chunks/node_modules__pnpm_0wwnffj._.js:1:8806
              at async rJ.do (payload-office-platform/node_modules/.pnpm/next@16.2.10_@babel+core@7.29.7_@playwright+test@1.61.1_react-dom@19.2.0_react@19.2.0/node_modules/next/dist/compiled/next-server/app-route-turbo.runtime.prod.js:5:20930)
              at async rJ.handle (payload-office-platform/node_modules/.pnpm/next@16.2.10_@babel+core@7.29.7_@playwright+test@1.61.1_react-dom@19.2.0_react@19.2.0/node_modules/next/dist/compiled/next-server/app-route-turbo.runtime.prod.js:5:25785)
              at async u (payload-office-platform/.next/server/chunks/[root-of-the-server]__0pkvhx_._.js:1:19227)
              at async rJ.handleResponse (payload-office-platform/node_modules/.pnpm/next@16.2.10_@babel+core@7.29.7_@playwright+test@1.61.1_react-dom@19.2.0_react@19.2.0/node_modules/next/dist/compiled/next-server/app-route-turbo.runtime.prod.js:1:119701)
              at async l (payload-office-platform/.next/server/chunks/[root-of-the-server]__0pkvhx_._.js:1:20268)
              at async Module.w [as handler] (payload-office-platform/.next/server/chunks/[root-of-the-server]__0pkvhx_._.js:1:21375)
              at async NextNodeServer.renderToResponseWithComponentsImpl (payload-office-platform/node_modules/.pnpm/next@16.2.10_@babel+core@7.29.7_@playwright+test@1.61.1_react-dom@19.2.0_react@19.2.0/node_modules/next/dist/server/base-server.js:1462:9)
              at async NextNodeServer.renderPageComponent (payload-office-platform/node_modules/.pnpm/next@16.2.10_@babel+core@7.29.7_@playwright+test@1.61.1_react-dom@19.2.0_react@19.2.0/node_modules/next/dist/server/base-server.js:1514:24)
              at async NextNodeServer.renderToResponseImpl (payload-office-platform/node_modules/.pnpm/next@16.2.10_@babel+core@7.29.7_@playwright+test@1.61.1_react-dom@19.2.0_react@19.2.0/node_modules/next/dist/server/base-server.js:1564:32)
              at async NextNodeServer.pipeImpl (payload-office-platform/node_modules/.pnpm/next@16.2.10_@babel+core@7.29.7_@playwright+test@1.61.1_react-dom@19.2.0_react@19.2.0/node_modules/next/dist/server/base-server.js:1044:25)
              at async NextNodeServer.handleCatchallRenderRequest (payload-office-platform/node_modules/.pnpm/next@16.2.10_@babel+core@7.29.7_@playwright+test@1.61.1_react-dom@19.2.0_react@19.2.0/node_modules/next/dist/server/next-server.js:338:17)
              at async NextNodeServer.handleRequestImpl (payload-office-platform/node_modules/.pnpm/next@16.2.10_@babel+core@7.29.7_@playwright+test@1.61.1_react-dom@19.2.0_react@19.2.0/node_modules/next/dist/server/base-server.js:935:17)
              at async invokeRender (payload-office-platform/node_modules/.pnpm/next@16.2.10_@babel+core@7.29.7_@playwright+test@1.61.1_react-dom@19.2.0_react@19.2.0/node_modules/next/dist/server/lib/router-server.js:266:21)
              at async handleRequest (payload-office-platform/node_modules/.pnpm/next@16.2.10_@babel+core@7.29.7_@playwright+test@1.61.1_react-dom@19.2.0_react@19.2.0/node_modules/next/dist/server/lib/router-server.js:465:24)
              at async requestHandlerImpl (payload-office-platform/node_modules/.pnpm/next@16.2.10_@babel+core@7.29.7_@playwright+test@1.61.1_react-dom@19.2.0_react@19.2.0/node_modules/next/dist/server/lib/router-server.js:514:13)
              at async Server.requestListener (payload-office-platform/node_modules/.pnpm/next@16.2.10_@babel+core@7.29.7_@playwright+test@1.61.1_react-dom@19.2.0_react@19.2.0/node_modules/next/dist/server/lib/start-server.js:225:13)
      "data": null,
      "isOperational": true,
      "isPublic": true,
      "status": 403,
      "name": "o"
    }
[traffic] Umami 未配置，缺失的键： UMAMI_URL, UMAMI_USERNAME, UMAMI_PASSWORD, UMAMI_WEBSITE_ID
⨯ TypeError: controller[kState].transformAlgorithm is not a function
    at ignore-listed frames {
  digest: '2828184085'
}
⨯ TypeError: controller[kState].transformAlgorithm is not a function
    at ignore-listed frames {
  digest: '2828184085'
}
[14:38:53] INFO: inquiry_success
    requestId: "8bbc432d-8446-465e-853e-d479d92f9a49"
    pageType: "listing"
    path: "/listings/jingan-serviced-office-42-seats"
    targetType: "listing"
    targetSlug: "jingan-serviced-office-42-seats"
    phoneMasked: "138****1111"
    consentPolicyVersion: "MVP-R2"
    idempotent: false
    fieldCompleteness: "with_message"
    campaignKeys: []
    errorCode: null
    durationMs: 89
    hasPriceSnapshot: true
    section: "hero"
    targetResolution: "listing"
[14:38:54] INFO: inquiry_success
    requestId: "e2e-idempotent-1788763134642-4f1h2d"
    pageType: "home"
    path: "/"
    targetType: "none"
    targetSlug: null
    phoneMasked: "138****2222"
    consentPolicyVersion: "MVP-R2"
    idempotent: false
    fieldCompleteness: "required_only"
    campaignKeys: []
    errorCode: null
    durationMs: 30
    hasPriceSnapshot: false
    section: null
    targetResolution: "general"
[14:38:54] INFO: inquiry_idempotent_hit
    requestId: "e2e-idempotent-1788763134642-4f1h2d"
    pageType: "home"
    path: "/"
    targetType: "none"
    targetSlug: null
    phoneMasked: "138****2222"
    consentPolicyVersion: "MVP-R2"
    idempotent: true
    fieldCompleteness: "required_only"
    campaignKeys: []
    errorCode: null
    durationMs: 6
    hasPriceSnapshot: false
    section: null
    targetResolution: "general"
[14:39:23] INFO: inquiry_success
    requestId: "f37b1eda-2ba6-4958-baa3-0cfcd3f1227b"
    pageType: "listing"
    path: "/listings/jingan-serviced-office-42-seats"
    targetType: "listing"
    targetSlug: "jingan-serviced-office-42-seats"
    phoneMasked: "138****1111"
    consentPolicyVersion: "MVP-R2"
    idempotent: false
    fieldCompleteness: "with_message"
    campaignKeys: []
    errorCode: null
    durationMs: 78
    hasPriceSnapshot: true
    section: "hero"
    targetResolution: "listing"
[14:39:24] INFO: inquiry_success
    requestId: "def4ed27-777d-4327-a239-2d3e2aae95d4"
    pageType: "listing"
    path: "/listings/jingan-serviced-office-42-seats"
    targetType: "listing"
    targetSlug: "jingan-serviced-office-42-seats"
    phoneMasked: "138****1111"
    consentPolicyVersion: "MVP-R2"
    idempotent: false
    fieldCompleteness: "with_message"
    campaignKeys: []
    errorCode: null
    durationMs: 90
    hasPriceSnapshot: true
    section: "hero"
    targetResolution: "listing"
[14:39:25] INFO: inquiry_success
    requestId: "e4d30fe8-895d-432e-b355-699f6374f7ed"
    pageType: "listing"
    path: "/listings/jingan-serviced-office-42-seats"
    targetType: "listing"
    targetSlug: "jingan-serviced-office-42-seats"
    phoneMasked: "138****1111"
    consentPolicyVersion: "MVP-R2"
    idempotent: false
    fieldCompleteness: "with_message"
    campaignKeys: []
    errorCode: null
    durationMs: 77
    hasPriceSnapshot: true
    section: "hero"
    targetResolution: "listing"
[14:39:25] INFO: inquiry_success
    requestId: "bd975b0e-9aff-49b0-ac03-7f73bd9b1229"
    pageType: "listing"
    path: "/listings/lujiazui-grade-a-780sqm"
    targetType: "listing"
    targetSlug: "lujiazui-grade-a-780sqm"
    phoneMasked: "138****1111"
    consentPolicyVersion: "MVP-R2"
    idempotent: false
    fieldCompleteness: "with_message"
    campaignKeys: []
    errorCode: null
    durationMs: 60
    hasPriceSnapshot: true
    section: "hero"
    targetResolution: "listing"
[14:39:30] ERROR: The following field is invalid: roomNumber
    err: {
      "type": "s",
      "message": "The following field is invalid: roomNumber",
      "stack":
          s: The following field is invalid: roomNumber
              at N (payload-office-platform/.next/server/chunks/_1kk-lm4._.js:301:303227)
              at process.processTicksAndRejections (node:internal/process/task_queues:103:5)
              at async os (payload-office-platform/.next/server/chunks/node_modules__pnpm_0_6pd12._.js:128:46653)
              at async eR (payload-office-platform/.next/server/chunks/node_modules__pnpm_0_6pd12._.js:155:55581)
              at async h (payload-office-platform/.next/server/chunks/node_modules__pnpm_0lgz3ff._.js:1:18431)
              at async payload-office-platform/.next/server/chunks/node_modules__pnpm_0wwnffj._.js:1:8806
              at async rJ.do (payload-office-platform/node_modules/.pnpm/next@16.2.10_@babel+core@7.29.7_@playwright+test@1.61.1_react-dom@19.2.0_react@19.2.0/node_modules/next/dist/compiled/next-server/app-route-turbo.runtime.prod.js:5:20930)
              at async rJ.handle (payload-office-platform/node_modules/.pnpm/next@16.2.10_@babel+core@7.29.7_@playwright+test@1.61.1_react-dom@19.2.0_react@19.2.0/node_modules/next/dist/compiled/next-server/app-route-turbo.runtime.prod.js:5:25785)
              at async u (payload-office-platform/.next/server/chunks/[root-of-the-server]__0pkvhx_._.js:1:19227)
              at async rJ.handleResponse (payload-office-platform/node_modules/.pnpm/next@16.2.10_@babel+core@7.29.7_@playwright+test@1.61.1_react-dom@19.2.0_react@19.2.0/node_modules/next/dist/compiled/next-server/app-route-turbo.runtime.prod.js:1:119701)
              at async l (payload-office-platform/.next/server/chunks/[root-of-the-server]__0pkvhx_._.js:1:20268)
              at async Module.w [as handler] (payload-office-platform/.next/server/chunks/[root-of-the-server]__0pkvhx_._.js:1:21375)
              at async NextNodeServer.renderToResponseWithComponentsImpl (payload-office-platform/node_modules/.pnpm/next@16.2.10_@babel+core@7.29.7_@playwright+test@1.61.1_react-dom@19.2.0_react@19.2.0/node_modules/next/dist/server/base-server.js:1462:9)
              at async NextNodeServer.renderPageComponent (payload-office-platform/node_modules/.pnpm/next@16.2.10_@babel+core@7.29.7_@playwright+test@1.61.1_react-dom@19.2.0_react@19.2.0/node_modules/next/dist/server/base-server.js:1514:24)
              at async NextNodeServer.renderToResponseImpl (payload-office-platform/node_modules/.pnpm/next@16.2.10_@babel+core@7.29.7_@playwright+test@1.61.1_react-dom@19.2.0_react@19.2.0/node_modules/next/dist/server/base-server.js:1564:32)
              at async NextNodeServer.pipeImpl (payload-office-platform/node_modules/.pnpm/next@16.2.10_@babel+core@7.29.7_@playwright+test@1.61.1_react-dom@19.2.0_react@19.2.0/node_modules/next/dist/server/base-server.js:1044:25)
              at async NextNodeServer.handleCatchallRenderRequest (payload-office-platform/node_modules/.pnpm/next@16.2.10_@babel+core@7.29.7_@playwright+test@1.61.1_react-dom@19.2.0_react@19.2.0/node_modules/next/dist/server/next-server.js:338:17)
              at async NextNodeServer.handleRequestImpl (payload-office-platform/node_modules/.pnpm/next@16.2.10_@babel+core@7.29.7_@playwright+test@1.61.1_react-dom@19.2.0_react@19.2.0/node_modules/next/dist/server/base-server.js:935:17)
              at async invokeRender (payload-office-platform/node_modules/.pnpm/next@16.2.10_@babel+core@7.29.7_@playwright+test@1.61.1_react-dom@19.2.0_react@19.2.0/node_modules/next/dist/server/lib/router-server.js:266:21)
              at async handleRequest (payload-office-platform/node_modules/.pnpm/next@16.2.10_@babel+core@7.29.7_@playwright+test@1.61.1_react-dom@19.2.0_react@19.2.0/node_modules/next/dist/server/lib/router-server.js:465:24)
              at async requestHandlerImpl (payload-office-platform/node_modules/.pnpm/next@16.2.10_@babel+core@7.29.7_@playwright+test@1.61.1_react-dom@19.2.0_react@19.2.0/node_modules/next/dist/server/lib/router-server.js:514:13)
              at async Server.requestListener (payload-office-platform/node_modules/.pnpm/next@16.2.10_@babel+core@7.29.7_@playwright+test@1.61.1_react-dom@19.2.0_react@19.2.0/node_modules/next/dist/server/lib/start-server.js:225:13)
      "data": {
        "collection": "listings",
        "errors": [
          {
            "path": "roomNumber",
            "message": "房间号「E2E-mtqvenmm」在同一楼盘下已被「OPT-063 用例房源-a」占用，请换一个。"
          }
        ]
      },
      "isOperational": true,
      "isPublic": true,
      "status": 400,
      "name": "s"
    }
[14:39:37] INFO: inquiry_success
    requestId: "entrust-00000000-0000-4000-8000-000000000001"
    pageType: "entrust"
    path: "/entrust"
    targetType: "none"
    targetSlug: null
    phoneMasked: "139****0001"
    consentPolicyVersion: "MVP-R2"
    idempotent: false
    fieldCompleteness: "required_only"
    campaignKeys: []
    errorCode: null
    durationMs: 31
    hasPriceSnapshot: false
    section: null
    targetResolution: "general"
[14:39:38] INFO: supply_submission_success
    requestId: "publish-00000000-0000-4000-8000-000000000001"
    areaBucket: "100-300"
    hasRent: false
    rentUnit: null
    commissionMonths: "none"
    sourcePath: "/publish"
    idempotent: false
    errorCode: null
    durationMs: 28
[14:39:42] ERROR: 提供的电子邮件或密码不正确。
    err: {
      "type": "I",
      "message": "提供的电子邮件或密码不正确。",
      "stack":
          I: 提供的电子邮件或密码不正确。
              at tA (payload-office-platform/.next/server/chunks/node_modules__pnpm_0_6pd12._.js:3:25821)
              at process.processTicksAndRejections (node:internal/process/task_queues:103:5)
              at async b (payload-office-platform/.next/server/chunks/node_modules__pnpm_0_6pd12._.js:155:29382)
              at async h (payload-office-platform/.next/server/chunks/node_modules__pnpm_0lgz3ff._.js:1:18431)
              at async payload-office-platform/.next/server/chunks/node_modules__pnpm_0wwnffj._.js:1:8806
              at async rJ.do (payload-office-platform/node_modules/.pnpm/next@16.2.10_@babel+core@7.29.7_@playwright+test@1.61.1_react-dom@19.2.0_react@19.2.0/node_modules/next/dist/compiled/next-server/app-route-turbo.runtime.prod.js:5:20930)
              at async rJ.handle (payload-office-platform/node_modules/.pnpm/next@16.2.10_@babel+core@7.29.7_@playwright+test@1.61.1_react-dom@19.2.0_react@19.2.0/node_modules/next/dist/compiled/next-server/app-route-turbo.runtime.prod.js:5:25785)
              at async u (payload-office-platform/.next/server/chunks/[root-of-the-server]__0pkvhx_._.js:1:19227)
              at async rJ.handleResponse (payload-office-platform/node_modules/.pnpm/next@16.2.10_@babel+core@7.29.7_@playwright+test@1.61.1_react-dom@19.2.0_react@19.2.0/node_modules/next/dist/compiled/next-server/app-route-turbo.runtime.prod.js:1:119701)
              at async l (payload-office-platform/.next/server/chunks/[root-of-the-server]__0pkvhx_._.js:1:20268)
              at async Module.w [as handler] (payload-office-platform/.next/server/chunks/[root-of-the-server]__0pkvhx_._.js:1:21375)
              at async NextNodeServer.renderToResponseWithComponentsImpl (payload-office-platform/node_modules/.pnpm/next@16.2.10_@babel+core@7.29.7_@playwright+test@1.61.1_react-dom@19.2.0_react@19.2.0/node_modules/next/dist/server/base-server.js:1462:9)
              at async NextNodeServer.renderPageComponent (payload-office-platform/node_modules/.pnpm/next@16.2.10_@babel+core@7.29.7_@playwright+test@1.61.1_react-dom@19.2.0_react@19.2.0/node_modules/next/dist/server/base-server.js:1514:24)
              at async NextNodeServer.renderToResponseImpl (payload-office-platform/node_modules/.pnpm/next@16.2.10_@babel+core@7.29.7_@playwright+test@1.61.1_react-dom@19.2.0_react@19.2.0/node_modules/next/dist/server/base-server.js:1564:32)
              at async NextNodeServer.pipeImpl (payload-office-platform/node_modules/.pnpm/next@16.2.10_@babel+core@7.29.7_@playwright+test@1.61.1_react-dom@19.2.0_react@19.2.0/node_modules/next/dist/server/base-server.js:1044:25)
              at async NextNodeServer.handleCatchallRenderRequest (payload-office-platform/node_modules/.pnpm/next@16.2.10_@babel+core@7.29.7_@playwright+test@1.61.1_react-dom@19.2.0_react@19.2.0/node_modules/next/dist/server/next-server.js:338:17)
              at async NextNodeServer.handleRequestImpl (payload-office-platform/node_modules/.pnpm/next@16.2.10_@babel+core@7.29.7_@playwright+test@1.61.1_react-dom@19.2.0_react@19.2.0/node_modules/next/dist/server/base-server.js:935:17)
              at async invokeRender (payload-office-platform/node_modules/.pnpm/next@16.2.10_@babel+core@7.29.7_@playwright+test@1.61.1_react-dom@19.2.0_react@19.2.0/node_modules/next/dist/server/lib/router-server.js:266:21)
              at async handleRequest (payload-office-platform/node_modules/.pnpm/next@16.2.10_@babel+core@7.29.7_@playwright+test@1.61.1_react-dom@19.2.0_react@19.2.0/node_modules/next/dist/server/lib/router-server.js:465:24)
              at async requestHandlerImpl (payload-office-platform/node_modules/.pnpm/next@16.2.10_@babel+core@7.29.7_@playwright+test@1.61.1_react-dom@19.2.0_react@19.2.0/node_modules/next/dist/server/lib/router-server.js:514:13)
              at async Server.requestListener (payload-office-platform/node_modules/.pnpm/next@16.2.10_@babel+core@7.29.7_@playwright+test@1.61.1_react-dom@19.2.0_react@19.2.0/node_modules/next/dist/server/lib/start-server.js:225:13)
      "data": null,
      "isOperational": true,
      "isPublic": true,
      "status": 401,
      "name": "I"
    }
[14:39:43] ERROR: 您无权执行此操作。
    err: {
      "type": "o",
      "message": "您无权执行此操作。",
      "stack":
          o: 您无权执行此操作。
              at N (payload-office-platform/.next/server/chunks/node_modules__pnpm_0_6pd12._.js:9:50835)
              at process.processTicksAndRejections (node:internal/process/task_queues:103:5)
              at async os (payload-office-platform/.next/server/chunks/node_modules__pnpm_0_6pd12._.js:128:46172)
              at async eR (payload-office-platform/.next/server/chunks/node_modules__pnpm_0_6pd12._.js:155:55581)
              at async h (payload-office-platform/.next/server/chunks/node_modules__pnpm_0lgz3ff._.js:1:18431)
              at async payload-office-platform/.next/server/chunks/node_modules__pnpm_0wwnffj._.js:1:8806
              at async rJ.do (payload-office-platform/node_modules/.pnpm/next@16.2.10_@babel+core@7.29.7_@playwright+test@1.61.1_react-dom@19.2.0_react@19.2.0/node_modules/next/dist/compiled/next-server/app-route-turbo.runtime.prod.js:5:20930)
              at async rJ.handle (payload-office-platform/node_modules/.pnpm/next@16.2.10_@babel+core@7.29.7_@playwright+test@1.61.1_react-dom@19.2.0_react@19.2.0/node_modules/next/dist/compiled/next-server/app-route-turbo.runtime.prod.js:5:25785)
              at async u (payload-office-platform/.next/server/chunks/[root-of-the-server]__0pkvhx_._.js:1:19227)
              at async rJ.handleResponse (payload-office-platform/node_modules/.pnpm/next@16.2.10_@babel+core@7.29.7_@playwright+test@1.61.1_react-dom@19.2.0_react@19.2.0/node_modules/next/dist/compiled/next-server/app-route-turbo.runtime.prod.js:1:119701)
              at async l (payload-office-platform/.next/server/chunks/[root-of-the-server]__0pkvhx_._.js:1:20268)
              at async Module.w [as handler] (payload-office-platform/.next/server/chunks/[root-of-the-server]__0pkvhx_._.js:1:21375)
              at async NextNodeServer.renderToResponseWithComponentsImpl (payload-office-platform/node_modules/.pnpm/next@16.2.10_@babel+core@7.29.7_@playwright+test@1.61.1_react-dom@19.2.0_react@19.2.0/node_modules/next/dist/server/base-server.js:1462:9)
              at async NextNodeServer.renderPageComponent (payload-office-platform/node_modules/.pnpm/next@16.2.10_@babel+core@7.29.7_@playwright+test@1.61.1_react-dom@19.2.0_react@19.2.0/node_modules/next/dist/server/base-server.js:1514:24)
              at async NextNodeServer.renderToResponseImpl (payload-office-platform/node_modules/.pnpm/next@16.2.10_@babel+core@7.29.7_@playwright+test@1.61.1_react-dom@19.2.0_react@19.2.0/node_modules/next/dist/server/base-server.js:1564:32)
              at async NextNodeServer.pipeImpl (payload-office-platform/node_modules/.pnpm/next@16.2.10_@babel+core@7.29.7_@playwright+test@1.61.1_react-dom@19.2.0_react@19.2.0/node_modules/next/dist/server/base-server.js:1044:25)
              at async NextNodeServer.handleCatchallRenderRequest (payload-office-platform/node_modules/.pnpm/next@16.2.10_@babel+core@7.29.7_@playwright+test@1.61.1_react-dom@19.2.0_react@19.2.0/node_modules/next/dist/server/next-server.js:338:17)
              at async NextNodeServer.handleRequestImpl (payload-office-platform/node_modules/.pnpm/next@16.2.10_@babel+core@7.29.7_@playwright+test@1.61.1_react-dom@19.2.0_react@19.2.0/node_modules/next/dist/server/base-server.js:935:17)
              at async invokeRender (payload-office-platform/node_modules/.pnpm/next@16.2.10_@babel+core@7.29.7_@playwright+test@1.61.1_react-dom@19.2.0_react@19.2.0/node_modules/next/dist/server/lib/router-server.js:266:21)
              at async handleRequest (payload-office-platform/node_modules/.pnpm/next@16.2.10_@babel+core@7.29.7_@playwright+test@1.61.1_react-dom@19.2.0_react@19.2.0/node_modules/next/dist/server/lib/router-server.js:465:24)
              at async requestHandlerImpl (payload-office-platform/node_modules/.pnpm/next@16.2.10_@babel+core@7.29.7_@playwright+test@1.61.1_react-dom@19.2.0_react@19.2.0/node_modules/next/dist/server/lib/router-server.js:514:13)
              at async Server.requestListener (payload-office-platform/node_modules/.pnpm/next@16.2.10_@babel+core@7.29.7_@playwright+test@1.61.1_react-dom@19.2.0_react@19.2.0/node_modules/next/dist/server/lib/start-server.js:225:13)
      "data": null,
      "isOperational": true,
      "isPublic": true,
      "status": 403,
      "name": "o"
    }
[14:39:43] ERROR: 您无权执行此操作。
    err: {
      "type": "o",
      "message": "您无权执行此操作。",
      "stack":
          o: 您无权执行此操作。
              at N (payload-office-platform/.next/server/chunks/node_modules__pnpm_0_6pd12._.js:9:50835)
              at process.processTicksAndRejections (node:internal/process/task_queues:103:5)
              at async os (payload-office-platform/.next/server/chunks/node_modules__pnpm_0_6pd12._.js:128:46172)
              at async eR (payload-office-platform/.next/server/chunks/node_modules__pnpm_0_6pd12._.js:155:55581)
              at async h (payload-office-platform/.next/server/chunks/node_modules__pnpm_0lgz3ff._.js:1:18431)
              at async payload-office-platform/.next/server/chunks/node_modules__pnpm_0wwnffj._.js:1:8806
              at async rJ.do (payload-office-platform/node_modules/.pnpm/next@16.2.10_@babel+core@7.29.7_@playwright+test@1.61.1_react-dom@19.2.0_react@19.2.0/node_modules/next/dist/compiled/next-server/app-route-turbo.runtime.prod.js:5:20930)
              at async rJ.handle (payload-office-platform/node_modules/.pnpm/next@16.2.10_@babel+core@7.29.7_@playwright+test@1.61.1_react-dom@19.2.0_react@19.2.0/node_modules/next/dist/compiled/next-server/app-route-turbo.runtime.prod.js:5:25785)
              at async u (payload-office-platform/.next/server/chunks/[root-of-the-server]__0pkvhx_._.js:1:19227)
              at async rJ.handleResponse (payload-office-platform/node_modules/.pnpm/next@16.2.10_@babel+core@7.29.7_@playwright+test@1.61.1_react-dom@19.2.0_react@19.2.0/node_modules/next/dist/compiled/next-server/app-route-turbo.runtime.prod.js:1:119701)
              at async l (payload-office-platform/.next/server/chunks/[root-of-the-server]__0pkvhx_._.js:1:20268)
              at async Module.w [as handler] (payload-office-platform/.next/server/chunks/[root-of-the-server]__0pkvhx_._.js:1:21375)
              at async NextNodeServer.renderToResponseWithComponentsImpl (payload-office-platform/node_modules/.pnpm/next@16.2.10_@babel+core@7.29.7_@playwright+test@1.61.1_react-dom@19.2.0_react@19.2.0/node_modules/next/dist/server/base-server.js:1462:9)
              at async NextNodeServer.renderPageComponent (payload-office-platform/node_modules/.pnpm/next@16.2.10_@babel+core@7.29.7_@playwright+test@1.61.1_react-dom@19.2.0_react@19.2.0/node_modules/next/dist/server/base-server.js:1514:24)
              at async NextNodeServer.renderToResponseImpl (payload-office-platform/node_modules/.pnpm/next@16.2.10_@babel+core@7.29.7_@playwright+test@1.61.1_react-dom@19.2.0_react@19.2.0/node_modules/next/dist/server/base-server.js:1564:32)
              at async NextNodeServer.pipeImpl (payload-office-platform/node_modules/.pnpm/next@16.2.10_@babel+core@7.29.7_@playwright+test@1.61.1_react-dom@19.2.0_react@19.2.0/node_modules/next/dist/server/base-server.js:1044:25)
              at async NextNodeServer.handleCatchallRenderRequest (payload-office-platform/node_modules/.pnpm/next@16.2.10_@babel+core@7.29.7_@playwright+test@1.61.1_react-dom@19.2.0_react@19.2.0/node_modules/next/dist/server/next-server.js:338:17)
              at async NextNodeServer.handleRequestImpl (payload-office-platform/node_modules/.pnpm/next@16.2.10_@babel+core@7.29.7_@playwright+test@1.61.1_react-dom@19.2.0_react@19.2.0/node_modules/next/dist/server/base-server.js:935:17)
              at async invokeRender (payload-office-platform/node_modules/.pnpm/next@16.2.10_@babel+core@7.29.7_@playwright+test@1.61.1_react-dom@19.2.0_react@19.2.0/node_modules/next/dist/server/lib/router-server.js:266:21)
              at async handleRequest (payload-office-platform/node_modules/.pnpm/next@16.2.10_@babel+core@7.29.7_@playwright+test@1.61.1_react-dom@19.2.0_react@19.2.0/node_modules/next/dist/server/lib/router-server.js:465:24)
              at async requestHandlerImpl (payload-office-platform/node_modules/.pnpm/next@16.2.10_@babel+core@7.29.7_@playwright+test@1.61.1_react-dom@19.2.0_react@19.2.0/node_modules/next/dist/server/lib/router-server.js:514:13)
              at async Server.requestListener (payload-office-platform/node_modules/.pnpm/next@16.2.10_@babel+core@7.29.7_@playwright+test@1.61.1_react-dom@19.2.0_react@19.2.0/node_modules/next/dist/server/lib/start-server.js:225:13)
      "data": null,
      "isOperational": true,
      "isPublic": true,
      "status": 403,
      "name": "o"
    }
[14:39:43] ERROR: 您无权执行此操作。
    err: {
      "type": "o",
      "message": "您无权执行此操作。",
      "stack":
          o: 您无权执行此操作。
              at N (payload-office-platform/.next/server/chunks/node_modules__pnpm_0_6pd12._.js:9:50835)
              at process.processTicksAndRejections (node:internal/process/task_queues:103:5)
              at async $ (payload-office-platform/.next/server/chunks/node_modules__pnpm_0_6pd12._.js:129:33546)
              at async e_ (payload-office-platform/.next/server/chunks/node_modules__pnpm_0_6pd12._.js:155:57069)
              at async h (payload-office-platform/.next/server/chunks/node_modules__pnpm_0lgz3ff._.js:1:18431)
              at async payload-office-platform/.next/server/chunks/node_modules__pnpm_0wwnffj._.js:1:8806
              at async rJ.do (payload-office-platform/node_modules/.pnpm/next@16.2.10_@babel+core@7.29.7_@playwright+test@1.61.1_react-dom@19.2.0_react@19.2.0/node_modules/next/dist/compiled/next-server/app-route-turbo.runtime.prod.js:5:20930)
              at async rJ.handle (payload-office-platform/node_modules/.pnpm/next@16.2.10_@babel+core@7.29.7_@playwright+test@1.61.1_react-dom@19.2.0_react@19.2.0/node_modules/next/dist/compiled/next-server/app-route-turbo.runtime.prod.js:5:25785)
              at async u (payload-office-platform/.next/server/chunks/[root-of-the-server]__0pkvhx_._.js:1:19227)
              at async rJ.handleResponse (payload-office-platform/node_modules/.pnpm/next@16.2.10_@babel+core@7.29.7_@playwright+test@1.61.1_react-dom@19.2.0_react@19.2.0/node_modules/next/dist/compiled/next-server/app-route-turbo.runtime.prod.js:1:119701)
              at async l (payload-office-platform/.next/server/chunks/[root-of-the-server]__0pkvhx_._.js:1:20268)
              at async Module.w [as handler] (payload-office-platform/.next/server/chunks/[root-of-the-server]__0pkvhx_._.js:1:21375)
              at async NextNodeServer.renderToResponseWithComponentsImpl (payload-office-platform/node_modules/.pnpm/next@16.2.10_@babel+core@7.29.7_@playwright+test@1.61.1_react-dom@19.2.0_react@19.2.0/node_modules/next/dist/server/base-server.js:1462:9)
              at async NextNodeServer.renderPageComponent (payload-office-platform/node_modules/.pnpm/next@16.2.10_@babel+core@7.29.7_@playwright+test@1.61.1_react-dom@19.2.0_react@19.2.0/node_modules/next/dist/server/base-server.js:1514:24)
              at async NextNodeServer.renderToResponseImpl (payload-office-platform/node_modules/.pnpm/next@16.2.10_@babel+core@7.29.7_@playwright+test@1.61.1_react-dom@19.2.0_react@19.2.0/node_modules/next/dist/server/base-server.js:1564:32)
              at async NextNodeServer.pipeImpl (payload-office-platform/node_modules/.pnpm/next@16.2.10_@babel+core@7.29.7_@playwright+test@1.61.1_react-dom@19.2.0_react@19.2.0/node_modules/next/dist/server/base-server.js:1044:25)
              at async NextNodeServer.handleCatchallRenderRequest (payload-office-platform/node_modules/.pnpm/next@16.2.10_@babel+core@7.29.7_@playwright+test@1.61.1_react-dom@19.2.0_react@19.2.0/node_modules/next/dist/server/next-server.js:338:17)
              at async NextNodeServer.handleRequestImpl (payload-office-platform/node_modules/.pnpm/next@16.2.10_@babel+core@7.29.7_@playwright+test@1.61.1_react-dom@19.2.0_react@19.2.0/node_modules/next/dist/server/base-server.js:935:17)
              at async invokeRender (payload-office-platform/node_modules/.pnpm/next@16.2.10_@babel+core@7.29.7_@playwright+test@1.61.1_react-dom@19.2.0_react@19.2.0/node_modules/next/dist/server/lib/router-server.js:266:21)
              at async handleRequest (payload-office-platform/node_modules/.pnpm/next@16.2.10_@babel+core@7.29.7_@playwright+test@1.61.1_react-dom@19.2.0_react@19.2.0/node_modules/next/dist/server/lib/router-server.js:465:24)
              at async requestHandlerImpl (payload-office-platform/node_modules/.pnpm/next@16.2.10_@babel+core@7.29.7_@playwright+test@1.61.1_react-dom@19.2.0_react@19.2.0/node_modules/next/dist/server/lib/router-server.js:514:13)
              at async Server.requestListener (payload-office-platform/node_modules/.pnpm/next@16.2.10_@babel+core@7.29.7_@playwright+test@1.61.1_react-dom@19.2.0_react@19.2.0/node_modules/next/dist/server/lib/start-server.js:225:13)
      "data": null,
      "isOperational": true,
      "isPublic": true,
      "status": 403,
      "name": "o"
    }
[14:40:00] ERROR: Error running task 1. Attempt 1
    job: {
      "id": 48,
      "input": {
        "eventId": "supply-submission-created:2"
      },
      "completedAt": null,
      "totalTried": 0,
      "hasError": false,
      "error": null,
      "log": [],
      "taskSlug": "notify-supply-submission-created",
      "queue": "supply-submission-notifications",
      "waitUntil": "2026-09-07T06:40:05.141Z",
      "processing": true,
      "meta": null,
      "updatedAt": "2026-09-07T06:40:00.111Z",
      "createdAt": "2026-09-07T06:39:38.155Z",
      "taskStatus": {}
    }
    taskSlug: "notify-supply-submission-created"
    err: {
      "type": "U",
      "message": "supply_submission_notification_delivery_failed",
      "stack":
          Error: supply_submission_notification_delivery_failed
              at Object.notify-supply-submission-created (payload-office-platform/.next/server/chunks/node_modules__pnpm_0_6pd12._.js:129:4771)
              at process.processTicksAndRejections (node:internal/process/task_queues:103:5)
              at async handler (payload-office-platform/.next/server/chunks/node_modules__pnpm_0_6pd12._.js:129:9780)
              at async Z (payload-office-platform/.next/server/chunks/node_modules__pnpm_0_6pd12._.js:129:5663)
              at async p (payload-office-platform/.next/server/chunks/node_modules__pnpm_0_6pd12._.js:129:10716)
              at async Promise.all (index 0)
              at async ee (payload-office-platform/.next/server/chunks/node_modules__pnpm_0_6pd12._.js:129:11427)
              at async Object.run (payload-office-platform/.next/server/chunks/node_modules__pnpm_11o3zr1._.js:8:5757)
              at async T.Cron.catch.logger.error.err [as fn] (payload-office-platform/.next/server/chunks/node_modules__pnpm_11o3zr1._.js:8:8113)
              at async y._trigger (payload-office-platform/.next/server/chunks/node_modules__pnpm_0_6pd12._.js:128:79201)
      "args": {
        "type": "Object",
        "message": "supply_submission_notification_delivery_failed",
        "stack":

        "executedAt": "2026-09-07T06:40:00.127Z",
        "input": {
          "eventId": "supply-submission-created:2"
        },
        "job": {
          "id": 48,
          "input": {
            "eventId": "supply-submission-created:2"
          },
          "completedAt": null,
          "totalTried": 0,
          "hasError": false,
          "error": null,
          "log": [],
          "taskSlug": "notify-supply-submission-created",
          "queue": "supply-submission-notifications",
          "waitUntil": "2026-09-07T06:40:05.141Z",
          "processing": true,
          "meta": null,
          "updatedAt": "2026-09-07T06:40:00.111Z",
          "createdAt": "2026-09-07T06:39:38.155Z",
          "taskStatus": {}
        },
        "output": {},
        "retriesConfig": {
          "attempts": 5,
          "backoff": {
            "type": "exponential",
            "delay": 5000
          }
        },
        "taskConfig": {
          "slug": "notify-supply-submission-created",
          "label": "投放申请通知",
          "inputSchema": [
            {
              "name": "eventId",
              "type": "text",
              "required": true
            }
          ],
          "outputSchema": [
            {
              "name": "delivered",
              "type": "number",
              "required": true
            }
          ],
          "retries": {
            "attempts": 5,
            "backoff": {
              "type": "exponential",
              "delay": 5000
            }
          }
        },
        "taskID": "1",
        "taskSlug": "notify-supply-submission-created",
        "taskStatus": null,
        "workflowConfig": {
          "slug": "singleTask"
        }
      }
    }
[14:40:30] ERROR: Error running task 1. Attempt 2
    job: {
      "id": 48,
      "input": {
        "eventId": "supply-submission-created:2"
      },
      "completedAt": null,
      "totalTried": 1,
      "hasError": false,
      "error": null,
      "log": [
        {
          "id": "6a9e5c40618b7c28866e010b",
          "executedAt": "2026-09-07T06:40:00.127Z",
          "completedAt": "2026-09-07T06:40:00.141Z",
          "taskSlug": "notify-supply-submission-created",
          "taskID": "1",
          "input": {
            "eventId": "supply-submission-created:2"
          },
          "output": {},
          "state": "failed",
          "error": {
            "name": "Error",
            "stack": "Error: supply_submission_notification_delivery_failed\n    at Object.notify-supply-submission-created (payload-office-platform/.next/server/chunks/node_modules__pnpm_0_6pd12._.js:129:4771)\n    at process.processTicksAndRejections (node:internal/process/task_queues:103:5)\n    at async handler (payload-office-platform/.next/server/chunks/node_modules__pnpm_0_6pd12._.js:129:9780)\n    at async Z (payload-office-platform/.next/server/chunks/node_modules__pnpm_0_6pd12._.js:129:5663)\n    at async p (payload-office-platform/.next/server/chunks/node_modules__pnpm_0_6pd12._.js:129:10716)\n    at async Promise.all (index 0)\n    at async ee (payload-office-platform/.next/server/chunks/node_modules__pnpm_0_6pd12._.js:129:11427)\n    at async Object.run (payload-office-platform/.next/server/chunks/node_modules__pnpm_11o3zr1._.js:8:5757)\n    at async T.Cron.catch.logger.error.err [as fn] (payload-office-platform/.next/server/chunks/node_modules__pnpm_11o3zr1._.js:8:8113)\n    at async y._trigger (payload-office-platform/.next/server/chunks/node_modules__pnpm_0_6pd12._.js:128:79201)",
            "message": "supply_submission_notification_delivery_failed",
            "cancelled": false
          }
        }
      ],
      "taskSlug": "notify-supply-submission-created",
      "queue": "supply-submission-notifications",
      "processing": true,
      "meta": null,
      "updatedAt": "2026-09-07T06:40:30.125Z",
      "createdAt": "2026-09-07T06:39:38.155Z",
      "taskStatus": {
        "notify-supply-submission-created": {
          "1": {
            "complete": false,
            "input": {
              "eventId": "supply-submission-created:2"
            },
            "output": {},
            "taskSlug": "notify-supply-submission-created",
            "totalTried": 1
          }
        }
      },
      "waitUntil": "2026-09-07T06:40:40.148Z"
    }
    taskSlug: "notify-supply-submission-created"
    err: {
      "type": "U",
      "message": "supply_submission_notification_delivery_failed",
      "stack":
          Error: supply_submission_notification_delivery_failed
              at Object.notify-supply-submission-created (payload-office-platform/.next/server/chunks/node_modules__pnpm_0_6pd12._.js:129:4771)
              at process.processTicksAndRejections (node:internal/process/task_queues:103:5)
              at async handler (payload-office-platform/.next/server/chunks/node_modules__pnpm_0_6pd12._.js:129:9780)
              at async Z (payload-office-platform/.next/server/chunks/node_modules__pnpm_0_6pd12._.js:129:5663)
              at async p (payload-office-platform/.next/server/chunks/node_modules__pnpm_0_6pd12._.js:129:10716)
              at async Promise.all (index 0)
              at async ee (payload-office-platform/.next/server/chunks/node_modules__pnpm_0_6pd12._.js:129:11427)
              at async Object.run (payload-office-platform/.next/server/chunks/node_modules__pnpm_11o3zr1._.js:8:5757)
              at async T.Cron.catch.logger.error.err [as fn] (payload-office-platform/.next/server/chunks/node_modules__pnpm_11o3zr1._.js:8:8113)
              at async y._trigger (payload-office-platform/.next/server/chunks/node_modules__pnpm_0_6pd12._.js:128:79201)
      "args": {
        "type": "Object",
        "message": "supply_submission_notification_delivery_failed",
        "stack":

        "executedAt": "2026-09-07T06:40:30.134Z",
        "input": {
          "eventId": "supply-submission-created:2"
        },
        "job": {
          "id": 48,
          "input": {
            "eventId": "supply-submission-created:2"
          },
          "completedAt": null,
          "totalTried": 1,
          "hasError": false,
          "error": null,
          "log": [
            {
              "id": "6a9e5c40618b7c28866e010b",
              "executedAt": "2026-09-07T06:40:00.127Z",
              "completedAt": "2026-09-07T06:40:00.141Z",
              "taskSlug": "notify-supply-submission-created",
              "taskID": "1",
              "input": {
                "eventId": "supply-submission-created:2"
              },
              "output": {},
              "state": "failed",
              "error": {
                "name": "Error",
                "stack":
                    Error: supply_submission_notification_delivery_failed
                        at Object.notify-supply-submission-created (payload-office-platform/.next/server/chunks/node_modules__pnpm_0_6pd12._.js:129:4771)
                        at process.processTicksAndRejections (node:internal/process/task_queues:103:5)
                        at async handler (payload-office-platform/.next/server/chunks/node_modules__pnpm_0_6pd12._.js:129:9780)
                        at async Z (payload-office-platform/.next/server/chunks/node_modules__pnpm_0_6pd12._.js:129:5663)
                        at async p (payload-office-platform/.next/server/chunks/node_modules__pnpm_0_6pd12._.js:129:10716)
                        at async Promise.all (index 0)
                        at async ee (payload-office-platform/.next/server/chunks/node_modules__pnpm_0_6pd12._.js:129:11427)
                        at async Object.run (payload-office-platform/.next/server/chunks/node_modules__pnpm_11o3zr1._.js:8:5757)
                        at async T.Cron.catch.logger.error.err [as fn] (payload-office-platform/.next/server/chunks/node_modules__pnpm_11o3zr1._.js:8:8113)
                        at async y._trigger (payload-office-platform/.next/server/chunks/node_modules__pnpm_0_6pd12._.js:128:79201)
                "message": "supply_submission_notification_delivery_failed",
                "cancelled": false
              }
            }
          ],
          "taskSlug": "notify-supply-submission-created",
          "queue": "supply-submission-notifications",
          "processing": true,
          "meta": null,
          "updatedAt": "2026-09-07T06:40:30.125Z",
          "createdAt": "2026-09-07T06:39:38.155Z",
          "taskStatus": {
            "notify-supply-submission-created": {
              "1": {
                "complete": false,
                "input": {
                  "eventId": "supply-submission-created:2"
                },
                "output": {},
                "taskSlug": "notify-supply-submission-created",
                "totalTried": 1
              }
            }
          },
          "waitUntil": "2026-09-07T06:40:40.148Z"
        },
        "output": {},
        "retriesConfig": {
          "attempts": 5,
          "backoff": {
            "type": "exponential",
            "delay": 5000
          }
        },
        "taskConfig": {
          "slug": "notify-supply-submission-created",
          "label": "投放申请通知",
          "inputSchema": [
            {
              "name": "eventId",
              "type": "text",
              "required": true
            }
          ],
          "outputSchema": [
            {
              "name": "delivered",
              "type": "number",
              "required": true
            }
          ],
          "retries": {
            "attempts": 5,
            "backoff": {
              "type": "exponential",
              "delay": 5000
            }
          }
        },
        "taskID": "1",
        "taskSlug": "notify-supply-submission-created",
        "taskStatus": {
          "complete": false,
          "input": {
            "eventId": "supply-submission-created:2"
          },
          "output": {},
          "taskSlug": "notify-supply-submission-created",
          "totalTried": 1
        },
        "workflowConfig": {
          "slug": "singleTask"
        }
      }
    }
[14:41:00] ERROR: Error running task 1. Attempt 3
    job: {
      "id": 48,
      "input": {
        "eventId": "supply-submission-created:2"
      },
      "completedAt": null,
      "totalTried": 2,
      "hasError": false,
      "error": null,
      "log": [
        {
          "id": "6a9e5c40618b7c28866e010b",
          "executedAt": "2026-09-07T06:40:00.127Z",
          "completedAt": "2026-09-07T06:40:00.141Z",
          "taskSlug": "notify-supply-submission-created",
          "taskID": "1",
          "input": {
            "eventId": "supply-submission-created:2"
          },
          "output": {},
          "state": "failed",
          "error": {
            "name": "Error",
            "stack": "Error: supply_submission_notification_delivery_failed\n    at Object.notify-supply-submission-created (payload-office-platform/.next/server/chunks/node_modules__pnpm_0_6pd12._.js:129:4771)\n    at process.processTicksAndRejections (node:internal/process/task_queues:103:5)\n    at async handler (payload-office-platform/.next/server/chunks/node_modules__pnpm_0_6pd12._.js:129:9780)\n    at async Z (payload-office-platform/.next/server/chunks/node_modules__pnpm_0_6pd12._.js:129:5663)\n    at async p (payload-office-platform/.next/server/chunks/node_modules__pnpm_0_6pd12._.js:129:10716)\n    at async Promise.all (index 0)\n    at async ee (payload-office-platform/.next/server/chunks/node_modules__pnpm_0_6pd12._.js:129:11427)\n    at async Object.run (payload-office-platform/.next/server/chunks/node_modules__pnpm_11o3zr1._.js:8:5757)\n    at async T.Cron.catch.logger.error.err [as fn] (payload-office-platform/.next/server/chunks/node_modules__pnpm_11o3zr1._.js:8:8113)\n    at async y._trigger (payload-office-platform/.next/server/chunks/node_modules__pnpm_0_6pd12._.js:128:79201)",
            "message": "supply_submission_notification_delivery_failed",
            "cancelled": false
          }
        },
        {
          "id": "6a9e5c5e618b7c28866e0176",
          "executedAt": "2026-09-07T06:40:30.134Z",
          "completedAt": "2026-09-07T06:40:30.148Z",
          "taskSlug": "notify-supply-submission-created",
          "taskID": "1",
          "input": {
            "eventId": "supply-submission-created:2"
          },
          "output": {},
          "state": "failed",
          "error": {
            "name": "Error",
            "stack": "Error: supply_submission_notification_delivery_failed\n    at Object.notify-supply-submission-created (payload-office-platform/.next/server/chunks/node_modules__pnpm_0_6pd12._.js:129:4771)\n    at process.processTicksAndRejections (node:internal/process/task_queues:103:5)\n    at async handler (payload-office-platform/.next/server/chunks/node_modules__pnpm_0_6pd12._.js:129:9780)\n    at async Z (payload-office-platform/.next/server/chunks/node_modules__pnpm_0_6pd12._.js:129:5663)\n    at async p (payload-office-platform/.next/server/chunks/node_modules__pnpm_0_6pd12._.js:129:10716)\n    at async Promise.all (index 0)\n    at async ee (payload-office-platform/.next/server/chunks/node_modules__pnpm_0_6pd12._.js:129:11427)\n    at async Object.run (payload-office-platform/.next/server/chunks/node_modules__pnpm_11o3zr1._.js:8:5757)\n    at async T.Cron.catch.logger.error.err [as fn] (payload-office-platform/.next/server/chunks/node_modules__pnpm_11o3zr1._.js:8:8113)\n    at async y._trigger (payload-office-platform/.next/server/chunks/node_modules__pnpm_0_6pd12._.js:128:79201)",
            "message": "supply_submission_notification_delivery_failed",
            "cancelled": false
          }
        }
      ],
      "taskSlug": "notify-supply-submission-created",
      "queue": "supply-submission-notifications",
      "processing": true,
      "meta": null,
      "updatedAt": "2026-09-07T06:41:00.133Z",
      "createdAt": "2026-09-07T06:39:38.155Z",
      "taskStatus": {
        "notify-supply-submission-created": {
          "1": {
            "complete": false,
            "input": {
              "eventId": "supply-submission-created:2"
            },
            "output": {},
            "taskSlug": "notify-supply-submission-created",
            "totalTried": 2
          }
        }
      },
      "waitUntil": "2026-09-07T06:41:20.161Z"
    }
    taskSlug: "notify-supply-submission-created"
    err: {
      "type": "U",
      "message": "supply_submission_notification_delivery_failed",
      "stack":
          Error: supply_submission_notification_delivery_failed
              at Object.notify-supply-submission-created (payload-office-platform/.next/server/chunks/node_modules__pnpm_0_6pd12._.js:129:4771)
              at process.processTicksAndRejections (node:internal/process/task_queues:103:5)
              at async handler (payload-office-platform/.next/server/chunks/node_modules__pnpm_0_6pd12._.js:129:9780)
              at async Z (payload-office-platform/.next/server/chunks/node_modules__pnpm_0_6pd12._.js:129:5663)
              at async p (payload-office-platform/.next/server/chunks/node_modules__pnpm_0_6pd12._.js:129:10716)
              at async Promise.all (index 0)
              at async ee (payload-office-platform/.next/server/chunks/node_modules__pnpm_0_6pd12._.js:129:11427)
              at async Object.run (payload-office-platform/.next/server/chunks/node_modules__pnpm_11o3zr1._.js:8:5757)
              at async T.Cron.catch.logger.error.err [as fn] (payload-office-platform/.next/server/chunks/node_modules__pnpm_11o3zr1._.js:8:8113)
              at async y._trigger (payload-office-platform/.next/server/chunks/node_modules__pnpm_0_6pd12._.js:128:79201)
      "args": {
        "type": "Object",
        "message": "supply_submission_notification_delivery_failed",
        "stack":

        "executedAt": "2026-09-07T06:41:00.143Z",
        "input": {
          "eventId": "supply-submission-created:2"
        },
        "job": {
          "id": 48,
          "input": {
            "eventId": "supply-submission-created:2"
          },
          "completedAt": null,
          "totalTried": 2,
          "hasError": false,
          "error": null,
          "log": [
            {
              "id": "6a9e5c40618b7c28866e010b",
              "executedAt": "2026-09-07T06:40:00.127Z",
              "completedAt": "2026-09-07T06:40:00.141Z",
              "taskSlug": "notify-supply-submission-created",
              "taskID": "1",
              "input": {
                "eventId": "supply-submission-created:2"
              },
              "output": {},
              "state": "failed",
              "error": {
                "name": "Error",
                "stack":
                    Error: supply_submission_notification_delivery_failed
                        at Object.notify-supply-submission-created (payload-office-platform/.next/server/chunks/node_modules__pnpm_0_6pd12._.js:129:4771)
                        at process.processTicksAndRejections (node:internal/process/task_queues:103:5)
                        at async handler (payload-office-platform/.next/server/chunks/node_modules__pnpm_0_6pd12._.js:129:9780)
                        at async Z (payload-office-platform/.next/server/chunks/node_modules__pnpm_0_6pd12._.js:129:5663)
                        at async p (payload-office-platform/.next/server/chunks/node_modules__pnpm_0_6pd12._.js:129:10716)
                        at async Promise.all (index 0)
                        at async ee (payload-office-platform/.next/server/chunks/node_modules__pnpm_0_6pd12._.js:129:11427)
                        at async Object.run (payload-office-platform/.next/server/chunks/node_modules__pnpm_11o3zr1._.js:8:5757)
                        at async T.Cron.catch.logger.error.err [as fn] (payload-office-platform/.next/server/chunks/node_modules__pnpm_11o3zr1._.js:8:8113)
                        at async y._trigger (payload-office-platform/.next/server/chunks/node_modules__pnpm_0_6pd12._.js:128:79201)
                "message": "supply_submission_notification_delivery_failed",
                "cancelled": false
              }
            },
            {
              "id": "6a9e5c5e618b7c28866e0176",
              "executedAt": "2026-09-07T06:40:30.134Z",
              "completedAt": "2026-09-07T06:40:30.148Z",
              "taskSlug": "notify-supply-submission-created",
              "taskID": "1",
              "input": {
                "eventId": "supply-submission-created:2"
              },
              "output": {},
              "state": "failed",
              "error": {
                "name": "Error",
                "stack":
                    Error: supply_submission_notification_delivery_failed
                        at Object.notify-supply-submission-created (payload-office-platform/.next/server/chunks/node_modules__pnpm_0_6pd12._.js:129:4771)
                        at process.processTicksAndRejections (node:internal/process/task_queues:103:5)
                        at async handler (payload-office-platform/.next/server/chunks/node_modules__pnpm_0_6pd12._.js:129:9780)
                        at async Z (payload-office-platform/.next/server/chunks/node_modules__pnpm_0_6pd12._.js:129:5663)
                        at async p (payload-office-platform/.next/server/chunks/node_modules__pnpm_0_6pd12._.js:129:10716)
                        at async Promise.all (index 0)
                        at async ee (payload-office-platform/.next/server/chunks/node_modules__pnpm_0_6pd12._.js:129:11427)
                        at async Object.run (payload-office-platform/.next/server/chunks/node_modules__pnpm_11o3zr1._.js:8:5757)
                        at async T.Cron.catch.logger.error.err [as fn] (payload-office-platform/.next/server/chunks/node_modules__pnpm_11o3zr1._.js:8:8113)
                        at async y._trigger (payload-office-platform/.next/server/chunks/node_modules__pnpm_0_6pd12._.js:128:79201)
                "message": "supply_submission_notification_delivery_failed",
                "cancelled": false
              }
            }
          ],
          "taskSlug": "notify-supply-submission-created",
          "queue": "supply-submission-notifications",
          "processing": true,
          "meta": null,
          "updatedAt": "2026-09-07T06:41:00.133Z",
          "createdAt": "2026-09-07T06:39:38.155Z",
          "taskStatus": {
            "notify-supply-submission-created": {
              "1": {
                "complete": false,
                "input": {
                  "eventId": "supply-submission-created:2"
                },
                "output": {},
                "taskSlug": "notify-supply-submission-created",
                "totalTried": 2
              }
            }
          },
          "waitUntil": "2026-09-07T06:41:20.161Z"
        },
        "output": {},
        "retriesConfig": {
          "attempts": 5,
          "backoff": {
            "type": "exponential",
            "delay": 5000
          }
        },
        "taskConfig": {
          "slug": "notify-supply-submission-created",
          "label": "投放申请通知",
          "inputSchema": [
            {
              "name": "eventId",
              "type": "text",
              "required": true
            }
          ],
          "outputSchema": [
            {
              "name": "delivered",
              "type": "number",
              "required": true
            }
          ],
          "retries": {
            "attempts": 5,
            "backoff": {
              "type": "exponential",
              "delay": 5000
            }
          }
        },
        "taskID": "1",
        "taskSlug": "notify-supply-submission-created",
        "taskStatus": {
          "complete": false,
          "input": {
            "eventId": "supply-submission-created:2"
          },
          "output": {},
          "taskSlug": "notify-supply-submission-created",
          "totalTried": 2
        },
        "workflowConfig": {
          "slug": "singleTask"
        }
      }
    }
{"stoppedAt":"2026-09-07T06:41:11.307Z","exitCode":130,"signal":null}
